Year,Month,Day,Hour,Min,Sec,dbn_nez,dbe_nez,dbz_nez,dbn_geo,dbe_geo,dbz_geo
2001,03,05,00,00,00,-61.0,21.0,-0.2,-60.6,22.0,-0.2
2001,03,05,00,01,00,-62.0,21.0,-0.1,-61.6,22.0,-0.1
2001,03,05,00,02,00,-63.0,21.0,-0.1,-62.7,22.0,-0.1
2001,03,05,00,03,00,-64.0,22.0,-0.1,-63.7,23.0,-0.1
2001,03,05,00,04,00,-66.0,22.0,-0.1,-65.7,23.0,-0.1
2001,03,05,00,05,00,-67.0,22.0,0.9,-66.7,23.1,0.9
2001,03,05,00,06,00,-68.0,22.0,0.9,-67.7,23.1,0.9
2001,03,05,00,07,00,-69.1,23.0,0.9,-68.7,24.1,0.9
2001,03,05,00,08,00,-70.1,22.0,0.9,-69.7,23.1,0.9
2001,03,05,00,09,00,-71.1,22.0,0.9,-70.7,23.1,0.9
2001,03,05,00,10,00,-72.1,22.0,0.9,-71.7,23.1,0.9
2001,03,05,00,11,00,-72.1,23.0,0.9,-71.7,24.2,0.9
2001,03,05,00,12,00,-72.1,22.0,1.0,-71.7,23.2,1.0
2001,03,05,00,13,00,-72.1,21.1,1.0,-71.7,22.2,1.0
2001,03,05,00,14,00,-71.1,21.1,1.0,-70.7,22.2,1.0
2001,03,05,00,15,00,-71.1,21.1,1.0,-70.7,22.2,1.0
2001,03,05,00,16,00,-70.1,21.1,1.0,-69.8,22.2,1.0
2001,03,05,00,17,00,-68.1,21.2,1.0,-67.8,22.3,1.0
2001,03,05,00,18,00,-67.1,21.2,1.0,-66.8,22.3,1.0
2001,03,05,00,19,00,-65.1,21.3,1.0,-64.8,22.3,1.0
2001,03,05,00,20,00,-63.1,21.3,2.0,-62.8,22.3,2.0
2001,03,05,00,21,00,-61.1,21.4,2.0,-60.8,22.3,2.0
2001,03,05,00,22,00,-59.2,21.4,1.1,-58.8,22.4,1.1
2001,03,05,00,23,00,-57.2,21.5,1.1,-56.8,22.4,1.1
2001,03,05,00,24,00,-56.2,21.5,1.1,-55.8,22.4,1.1
2001,03,05,00,25,00,-54.2,21.6,1.1,-53.8,22.4,1.1
2001,03,05,00,26,00,-53.2,21.6,1.1,-52.8,22.4,1.1
2001,03,05,00,27,00,-51.2,21.6,1.1,-50.8,22.5,1.1
2001,03,05,00,28,00,-51.2,22.7,1.1,-50.9,23.5,1.1
2001,03,05,00,29,00,-50.2,22.7,1.1,-49.9,23.5,1.1
2001,03,05,00,30,00,-50.2,22.7,1.1,-49.9,23.5,1.1
2001,03,05,00,31,00,-50.3,22.7,1.1,-49.9,23.5,1.1
2001,03,05,00,32,00,-51.3,23.7,1.2,-50.9,24.5,1.2
2001,03,05,00,33,00,-51.3,24.7,1.2,-50.9,25.6,1.2
2001,03,05,00,34,00,-52.3,25.7,1.2,-51.9,26.6,1.2
2001,03,05,00,35,00,-52.4,26.8,2.2,-51.9,27.6,2.2
2001,03,05,00,36,00,-54.4,27.7,2.2,-54.0,28.6,2.2
2001,03,05,00,37,00,-55.4,28.7,2.2,-55.0,29.6,2.2
2001,03,05,00,38,00,-57.4,28.7,2.2,-57.0,29.6,2.2
2001,03,05,00,39,00,-58.4,28.7,1.2,-58.0,29.7,1.2
2001,03,05,00,40,00,-60.5,28.7,1.2,-60.0,29.7,1.2
2001,03,05,00,41,00,-60.5,28.7,1.2,-60.0,29.7,1.2
2001,03,05,00,42,00,-62.5,28.7,1.3,-62.0,29.7,1.3
2001,03,05,00,43,00,-62.5,27.7,1.3,-62.0,28.7,1.3
2001,03,05,00,44,00,-63.5,26.7,1.3,-63.0,27.7,1.3
2001,03,05,00,45,00,-65.5,26.7,0.3,-65.1,27.8,0.3
2001,03,05,00,46,00,-66.5,25.7,0.3,-66.1,26.8,0.3
2001,03,05,00,47,00,-66.5,24.7,0.3,-66.1,25.8,0.3
2001,03,05,00,48,00,-67.5,23.7,0.3,-67.1,24.8,0.3
2001,03,05,00,49,00,-67.5,22.8,0.3,-67.1,23.8,0.3
2001,03,05,00,50,00,-68.5,21.7,0.3,-68.1,22.8,0.3
2001,03,05,00,51,00,-68.5,21.8,0.3,-68.1,22.9,0.3
2001,03,05,00,52,00,-69.5,20.8,0.4,-69.2,21.9,0.4
2001,03,05,00,53,00,-69.5,20.8,0.4,-69.2,21.9,0.4
2001,03,05,00,54,00,-69.5,20.8,0.4,-69.2,21.9,0.4
2001,03,05,00,55,00,-69.5,20.8,0.4,-69.2,21.9,0.4
2001,03,05,00,56,00,-69.6,20.8,1.4,-69.2,21.9,1.4
2001,03,05,00,57,00,-69.6,20.9,1.4,-69.2,22.0,1.4
2001,03,05,00,58,00,-69.6,20.9,1.4,-69.2,22.0,1.4
2001,03,05,00,59,00,-69.6,20.9,1.4,-69.3,22.0,1.4
2001,03,05,01,00,00,-69.6,20.9,1.4,-69.3,22.0,1.4
2001,03,05,01,01,00,-69.6,20.9,1.4,-69.3,22.0,1.4
2001,03,05,01,02,00,-69.7,20.9,1.5,-69.3,22.0,1.5
2001,03,05,01,03,00,-69.7,20.0,0.5,-69.3,21.1,0.5
2001,03,05,01,04,00,-68.7,20.0,1.5,-68.3,21.1,1.5
2001,03,05,01,05,00,-66.7,19.0,1.5,-66.4,20.1,1.5
2001,03,05,01,06,00,-65.7,20.1,1.5,-65.4,21.1,1.5
2001,03,05,01,07,00,-63.7,20.1,1.5,-63.4,21.1,1.5
2001,03,05,01,08,00,-62.8,21.2,1.5,-62.4,22.1,1.5
2001,03,05,01,09,00,-61.8,21.2,1.5,-61.4,22.2,1.5
2001,03,05,01,10,00,-60.8,22.2,1.5,-60.4,23.2,1.5
2001,03,05,01,11,00,-58.8,22.3,2.5,-58.5,23.2,2.5
2001,03,05,01,12,00,-58.8,22.3,1.5,-58.5,23.2,1.5
2001,03,05,01,13,00,-57.9,23.3,1.6,-57.5,24.2,1.6
2001,03,05,01,14,00,-56.9,23.3,1.6,-56.5,24.2,1.6
2001,03,05,01,15,00,-55.9,23.4,1.6,-55.5,24.3,1.6
2001,03,05,01,16,00,-56.0,24.4,2.6,-55.6,25.3,2.6
2001,03,05,01,17,00,-54.0,25.4,2.6,-53.6,26.3,2.6
2001,03,05,01,18,00,-53.0,25.5,1.6,-52.6,26.3,1.6
2001,03,05,01,19,00,-54.0,25.5,1.6,-53.6,26.3,1.6
2001,03,05,01,20,00,-54.1,26.5,1.6,-53.6,27.4,1.6
2001,03,05,01,21,00,-55.1,26.5,1.6,-54.7,27.4,1.6
2001,03,05,01,22,00,-55.1,26.5,1.6,-54.7,27.4,1.6
2001,03,05,01,23,00,-55.1,27.5,1.6,-54.7,28.4,1.6
2001,03,05,01,24,00,-56.2,27.5,1.7,-55.7,28.4,1.7
2001,03,05,01,25,00,-56.2,28.6,1.7,-55.7,29.4,1.7
2001,03,05,01,26,00,-57.2,28.6,1.7,-56.8,29.5,1.7
2001,03,05,01,27,00,-57.2,29.6,1.7,-56.8,30.5,1.7
2001,03,05,01,28,00,-58.3,30.6,1.7,-57.8,31.5,1.7
2001,03,05,01,29,00,-58.3,30.6,1.7,-57.8,31.5,1.7
2001,03,05,01,30,00,-59.3,31.6,1.7,-58.8,32.5,1.7
2001,03,05,01,31,00,-59.3,31.6,1.7,-58.8,32.5,1.7
2001,03,05,01,32,00,-60.4,30.6,1.7,-59.9,31.6,1.7
2001,03,05,01,33,00,-60.4,30.6,0.7,-59.9,31.6,0.7
2001,03,05,01,34,00,-61.4,29.6,0.7,-60.9,30.6,0.7
2001,03,05,01,35,00,-61.4,29.6,0.7,-60.9,30.6,0.7
2001,03,05,01,36,00,-61.4,29.7,0.7,-60.9,30.6,0.7
2001,03,05,01,37,00,-61.4,29.7,0.8,-60.9,30.6,0.8
2001,03,05,01,38,00,-61.4,28.7,0.8,-61.0,29.7,0.8
2001,03,05,01,39,00,-61.4,28.7,0.8,-61.0,29.7,0.8
2001,03,05,01,40,00,-61.5,29.7,0.8,-61.0,30.7,0.8
2001,03,05,01,41,00,-61.5,29.7,0.8,-61.0,30.7,0.8
2001,03,05,01,42,00,-61.5,30.8,0.8,-61.0,31.7,0.8
2001,03,05,01,43,00,-62.5,30.8,0.8,-62.1,31.8,0.8
2001,03,05,01,44,00,-62.6,30.8,0.8,-62.1,31.8,0.8
2001,03,05,01,45,00,-62.6,30.8,0.8,-62.1,31.8,0.8
2001,03,05,01,46,00,-63.6,30.8,0.8,-63.1,31.8,0.8
2001,03,05,01,47,00,-63.6,30.8,0.8,-63.1,31.8,0.8
2001,03,05,01,48,00,-64.6,30.8,0.8,-64.1,31.8,0.8
2001,03,05,01,49,00,-64.7,30.8,0.8,-64.2,31.9,0.8
2001,03,05,01,50,00,-65.7,30.8,0.9,-65.2,31.9,0.9
2001,03,05,01,51,00,-64.7,30.9,0.9,-64.2,31.9,0.9
2001,03,05,01,52,00,-64.7,29.9,0.9,-64.2,30.9,0.9
2001,03,05,01,53,00,-64.7,29.9,0.9,-64.2,30.9,0.9
2001,03,05,01,54,00,-63.7,28.9,0.9,-63.2,30.0,0.9
2001,03,05,01,55,00,-63.7,29.0,0.9,-63.3,30.0,0.9
2001,03,05,01,56,00,-62.7,29.0,0.9,-62.3,30.0,0.9
2001,03,05,01,57,00,-61.7,28.0,0.9,-61.3,29.0,0.9
2001,03,05,01,58,00,-60.7,28.1,0.9,-60.3,29.0,0.9
2001,03,05,01,59,00,-59.8,29.1,0.9,-59.3,30.0,0.9
2001,03,05,02,00,00,-58.8,29.1,0.9,-58.3,30.1,0.9
2001,03,05,02,01,00,-56.8,30.2,1.9,-56.3,31.1,1.9
2001,03,05,02,02,00,-55.8,30.2,1.9,-55.3,31.1,1.9
2001,03,05,02,03,00,-55.8,30.2,1.9,-55.4,31.1,1.9
2001,03,05,02,04,00,-54.9,30.3,0.9,-54.4,31.1,0.9
2001,03,05,02,05,00,-53.9,30.3,0.9,-53.4,31.2,0.9
2001,03,05,02,06,00,-52.9,30.3,1.0,-52.4,31.2,1.0
2001,03,05,02,07,00,-51.9,30.4,1.0,-51.4,31.2,1.0
2001,03,05,02,08,00,-51.9,30.4,1.0,-51.4,31.2,1.0
2001,03,05,02,09,00,-51.9,30.4,1.0,-51.4,31.2,1.0
2001,03,05,02,10,00,-50.9,30.4,1.0,-50.4,31.2,1.0
2001,03,05,02,11,00,-50.9,30.5,1.0,-50.4,31.3,1.0
2001,03,05,02,12,00,-49.9,30.5,1.0,-49.5,31.3,1.0
2001,03,05,02,13,00,-50.0,30.5,1.0,-49.5,31.3,1.0
2001,03,05,02,14,00,-51.0,31.5,1.0,-50.5,32.3,1.0
2001,03,05,02,15,00,-53.0,31.5,1.0,-52.5,32.3,1.0
2001,03,05,02,16,00,-54.0,31.5,1.0,-53.5,32.4,1.0
2001,03,05,02,17,00,-55.0,30.5,0.0,-54.5,31.4,0.0
2001,03,05,02,18,00,-55.0,29.5,0.0,-54.5,30.4,0.0
2001,03,05,02,19,00,-55.0,28.5,0.0,-54.5,29.4,0.0
2001,03,05,02,20,00,-55.0,27.6,0.0,-54.5,28.4,0.0
2001,03,05,02,21,00,-56.0,27.6,0.0,-55.5,28.4,0.0
2001,03,05,02,22,00,-56.0,27.6,0.0,-55.5,28.5,0.0
2001,03,05,02,23,00,-56.0,27.6,1.0,-55.5,28.5,1.0
2001,03,05,02,24,00,-55.0,27.6,1.1,-54.5,28.5,1.1
2001,03,05,02,25,00,-54.0,27.7,1.1,-53.6,28.5,1.1
2001,03,05,02,26,00,-52.0,28.7,2.1,-51.6,29.5,2.1
2001,03,05,02,27,00,-51.0,28.8,2.1,-50.6,29.6,2.1
2001,03,05,02,28,00,-49.0,28.8,2.1,-48.6,29.6,2.1
2001,03,05,02,29,00,-47.1,29.9,3.1,-46.6,30.6,3.1
2001,03,05,02,30,00,-45.1,30.9,3.1,-44.6,31.6,3.1
2001,03,05,02,31,00,-44.1,31.9,3.1,-43.6,32.6,3.1
2001,03,05,02,32,00,-44.1,32.0,3.1,-43.6,32.7,3.1
2001,03,05,02,33,00,-44.1,32.0,2.1,-43.6,32.7,2.1
2001,03,05,02,34,00,-45.1,32.0,2.1,-44.6,32.7,2.1
2001,03,05,02,35,00,-45.1,32.0,2.1,-44.6,32.7,2.1
2001,03,05,02,36,00,-46.1,32.0,2.1,-45.6,32.7,2.1
2001,03,05,02,37,00,-46.1,32.0,2.1,-45.6,32.7,2.1
2001,03,05,02,38,00,-47.1,31.0,2.1,-46.6,31.8,2.1
2001,03,05,02,39,00,-47.1,31.0,2.1,-46.6,31.8,2.1
2001,03,05,02,40,00,-48.1,32.0,2.1,-47.6,32.8,2.1
2001,03,05,02,41,00,-48.1,32.1,2.1,-47.6,32.8,2.1
2001,03,05,02,42,00,-48.1,32.1,3.2,-47.6,32.8,3.2
2001,03,05,02,43,00,-48.1,32.1,3.2,-47.6,32.8,3.2
2001,03,05,02,44,00,-47.1,33.1,3.2,-46.6,33.9,3.2
2001,03,05,02,45,00,-48.1,33.1,3.2,-47.6,33.9,3.2
2001,03,05,02,46,00,-48.2,34.1,3.2,-47.6,34.9,3.2
2001,03,05,02,47,00,-49.2,34.1,3.2,-48.6,34.9,3.2
2001,03,05,02,48,00,-50.2,34.1,3.2,-49.6,34.9,3.2
2001,03,05,02,49,00,-50.2,34.2,3.2,-49.6,35.0,3.2
2001,03,05,02,50,00,-51.2,34.2,3.2,-50.6,35.0,3.2
2001,03,05,02,51,00,-52.2,33.2,2.2,-51.6,34.0,2.2
2001,03,05,02,52,00,-52.2,33.2,2.2,-51.6,34.0,2.2
2001,03,05,02,53,00,-52.1,32.2,2.2,-51.6,33.0,2.2
2001,03,05,02,54,00,-53.1,31.2,2.2,-52.6,32.0,2.2
2001,03,05,02,55,00,-53.1,31.2,1.2,-52.6,32.1,1.2
2001,03,05,02,56,00,-53.1,30.2,1.2,-52.6,31.1,1.2
2001,03,05,02,57,00,-54.1,30.3,1.2,-53.6,31.1,1.2
2001,03,05,02,58,00,-54.1,29.3,1.3,-53.6,30.1,1.3
2001,03,05,02,59,00,-54.1,29.3,1.3,-53.6,30.1,1.3
2001,03,05,03,00,00,-54.1,29.3,2.3,-53.6,30.2,2.3
2001,03,05,03,01,00,-53.1,29.3,2.3,-52.6,30.2,2.3
2001,03,05,03,02,00,-52.1,29.4,2.3,-51.6,30.2,2.3
2001,03,05,03,03,00,-51.1,29.4,2.3,-50.6,30.2,2.3
2001,03,05,03,04,00,-50.1,29.5,2.3,-49.6,30.2,2.3
2001,03,05,03,05,00,-49.1,29.5,2.3,-48.6,30.3,2.3
2001,03,05,03,06,00,-47.1,30.5,3.3,-46.6,31.3,3.3
2001,03,05,03,07,00,-45.1,31.6,3.3,-44.6,32.3,3.3
2001,03,05,03,08,00,-43.1,31.6,3.3,-42.6,32.3,3.3
2001,03,05,03,09,00,-41.1,31.7,3.3,-40.6,32.3,3.3
2001,03,05,03,10,00,-39.1,32.7,3.3,-38.6,33.4,3.3
2001,03,05,03,11,00,-38.1,31.8,2.4,-37.6,32.4,2.4
2001,03,05,03,12,00,-37.1,32.8,2.4,-36.6,33.4,2.4
2001,03,05,03,13,00,-37.1,32.8,2.4,-36.6,33.4,2.4
2001,03,05,03,14,00,-37.1,32.9,1.4,-36.6,33.4,1.4
2001,03,05,03,15,00,-37.1,31.9,1.4,-36.6,32.5,1.4
2001,03,05,03,16,00,-37.1,30.9,1.4,-36.6,31.5,1.4
2001,03,05,03,17,00,-36.1,29.9,0.4,-35.6,30.5,0.4
2001,03,05,03,18,00,-36.1,27.9,-0.6,-35.6,28.5,-0.6
2001,03,05,03,19,00,-35.0,27.0,-0.6,-34.6,27.5,-0.6
2001,03,05,03,20,00,-34.0,26.0,-0.6,-33.6,26.6,-0.6
2001,03,05,03,21,00,-33.0,25.1,-1.6,-32.6,25.6,-1.6
2001,03,05,03,22,00,-33.0,23.1,-1.5,-32.6,23.6,-1.5
2001,03,05,03,23,00,-33.0,22.1,-1.5,-32.6,22.6,-1.5
2001,03,05,03,24,00,-31.9,21.1,-2.5,-31.6,21.6,-2.5
2001,03,05,03,25,00,-31.9,20.2,-2.5,-31.6,20.7,-2.5
2001,03,05,03,26,00,-30.9,20.2,-1.5,-30.6,20.7,-1.5
2001,03,05,03,27,00,-29.9,19.2,-2.5,-29.6,19.7,-2.5
2001,03,05,03,28,00,-29.9,18.3,-2.5,-29.6,18.7,-2.5
2001,03,05,03,29,00,-30.9,18.3,-2.5,-30.6,18.8,-2.5
2001,03,05,03,30,00,-30.9,18.3,-1.5,-30.6,18.8,-1.5
2001,03,05,03,31,00,-30.9,18.3,-1.5,-30.6,18.8,-1.5
2001,03,05,03,32,00,-30.9,17.3,-1.4,-30.6,17.8,-1.4
2001,03,05,03,33,00,-29.9,17.4,-1.4,-29.6,17.9,-1.4
2001,03,05,03,34,00,-29.9,17.4,-1.4,-29.6,17.9,-1.4
2001,03,05,03,35,00,-30.9,16.4,-1.4,-30.6,16.9,-1.4
2001,03,05,03,36,00,-30.9,15.4,-1.4,-30.6,15.9,-1.4
2001,03,05,03,37,00,-30.9,15.5,-1.4,-30.6,15.9,-1.4
2001,03,05,03,38,00,-30.9,14.5,-1.4,-30.6,15.0,-1.4
2001,03,05,03,39,00,-30.9,14.5,-1.4,-30.6,15.0,-1.4
2001,03,05,03,40,00,-30.9,13.5,-1.4,-30.6,14.0,-1.4
2001,03,05,03,41,00,-31.9,13.5,-2.3,-31.7,14.0,-2.3
2001,03,05,03,42,00,-33.9,14.5,-1.3,-33.7,15.1,-1.3
2001,03,05,03,43,00,-33.9,14.6,-1.3,-33.7,15.1,-1.3
2001,03,05,03,44,00,-34.9,13.6,-1.3,-34.7,14.1,-1.3
2001,03,05,03,45,00,-34.9,12.6,-1.3,-34.7,13.1,-1.3
2001,03,05,03,46,00,-33.9,11.6,-1.3,-33.7,12.2,-1.3
2001,03,05,03,47,00,-33.9,11.7,-1.3,-33.7,12.2,-1.3
2001,03,05,03,48,00,-34.9,11.7,-1.3,-34.7,12.2,-1.3
2001,03,05,03,49,00,-36.9,11.7,-1.2,-36.7,12.3,-1.2
2001,03,05,03,50,00,-37.9,12.7,-1.2,-37.7,13.3,-1.2
2001,03,05,03,51,00,-39.9,12.7,-0.2,-39.7,13.3,-0.2
2001,03,05,03,52,00,-40.9,12.7,-0.2,-40.7,13.3,-0.2
2001,03,05,03,53,00,-40.9,12.7,-0.2,-40.7,13.4,-0.2
2001,03,05,03,54,00,-41.9,11.7,-0.2,-41.7,12.4,-0.2
2001,03,05,03,55,00,-40.9,11.8,-0.2,-40.8,12.4,-0.2
2001,03,05,03,56,00,-39.9,10.8,0.8,-39.8,11.5,0.8
2001,03,05,03,57,00,-38.9,10.9,0.9,-38.8,11.5,0.9
2001,03,05,03,58,00,-39.0,10.9,0.9,-38.8,11.5,0.9
2001,03,05,03,59,00,-39.0,10.9,0.9,-38.8,11.5,0.9
2001,03,05,04,00,00,-39.0,12.0,0.9,-38.8,12.6,0.9
2001,03,05,04,01,00,-39.0,12.0,0.9,-38.8,12.6,0.9
2001,03,05,04,02,00,-40.0,13.0,0.9,-39.8,13.6,0.9
2001,03,05,04,03,00,-40.1,14.0,1.9,-39.8,14.7,1.9
2001,03,05,04,04,00,-41.1,14.1,1.9,-40.9,14.7,1.9
2001,03,05,04,05,00,-40.1,15.1,1.9,-39.9,15.7,1.9
2001,03,05,04,06,00,-38.1,14.2,1.9,-37.9,14.8,1.9
2001,03,05,04,07,00,-37.1,14.2,2.0,-36.9,14.8,2.0
2001,03,05,04,08,00,-36.2,15.3,2.0,-35.9,15.8,2.0
2001,03,05,04,09,00,-36.2,15.3,2.0,-35.9,15.9,2.0
2001,03,05,04,10,00,-36.2,16.3,2.0,-36.0,16.9,2.0
2001,03,05,04,11,00,-37.2,16.4,1.0,-37.0,17.0,1.0
2001,03,05,04,12,00,-37.3,16.4,1.0,-37.0,17.0,1.0
2001,03,05,04,13,00,-36.3,16.4,1.0,-36.0,17.0,1.0
2001,03,05,04,14,00,-37.3,17.4,1.0,-37.0,18.0,1.0
2001,03,05,04,15,00,-38.3,16.5,1.0,-38.1,17.1,1.0
2001,03,05,04,16,00,-38.3,16.5,1.1,-38.1,17.1,1.1
2001,03,05,04,17,00,-38.4,16.5,0.1,-38.1,17.1,0.1
2001,03,05,04,18,00,-38.4,16.6,0.1,-38.1,17.2,0.1
2001,03,05,04,19,00,-37.4,15.6,0.1,-37.1,16.2,0.1
2001,03,05,04,20,00,-37.4,15.7,0.1,-37.2,16.3,0.1
2001,03,05,04,21,00,-36.4,15.7,0.1,-36.2,16.3,0.1
2001,03,05,04,22,00,-35.4,14.8,0.1,-35.2,15.3,0.1
2001,03,05,04,23,00,-35.5,14.8,0.1,-35.2,15.4,0.1
2001,03,05,04,24,00,-35.5,13.9,0.1,-35.2,14.4,0.1
2001,03,05,04,25,00,-34.5,12.9,0.1,-34.3,13.5,0.1
2001,03,05,04,26,00,-33.5,12.0,-0.9,-33.3,12.5,-0.9
2001,03,05,04,27,00,-33.5,12.0,-0.9,-33.3,12.5,-0.9
2001,03,05,04,28,00,-33.5,11.1,-0.9,-33.3,11.6,-0.9
2001,03,05,04,29,00,-33.5,11.1,-0.8,-33.4,11.6,-0.8
2001,03,05,04,30,00,-33.6,10.1,-0.8,-33.4,10.7,-0.8
2001,03,05,04,31,00,-33.6,10.2,-0.8,-33.4,10.7,-0.8
2001,03,05,04,32,00,-33.6,9.2,-0.8,-33.4,9.8,-0.8
2001,03,05,04,33,00,-33.6,9.3,-0.8,-33.5,9.8,-0.8
2001,03,05,04,34,00,-32.6,8.3,0.2,-32.5,8.8,0.2
2001,03,05,04,35,00,-32.7,8.4,0.2,-32.5,8.9,0.2
2001,03,05,04,36,00,-31.7,8.4,0.2,-31.6,8.9,0.2
2001,03,05,04,37,00,-31.7,7.5,0.2,-31.6,8.0,0.2
2001,03,05,04,38,00,-31.7,6.5,-0.8,-31.6,7.0,-0.8
2001,03,05,04,39,00,-31.7,6.6,-0.8,-31.6,7.1,-0.8
2001,03,05,04,40,00,-32.8,5.6,-0.8,-32.7,6.1,-0.8
2001,03,05,04,41,00,-32.8,5.7,-0.8,-32.7,6.2,-0.8
2001,03,05,04,42,00,-33.8,4.7,-0.8,-33.7,5.2,-0.8
2001,03,05,04,43,00,-34.8,4.7,-0.8,-34.8,5.3,-0.8
2001,03,05,04,44,00,-34.9,4.8,0.2,-34.8,5.3,0.2
2001,03,05,04,45,00,-33.9,4.8,1.2,-33.8,5.4,1.2
2001,03,05,04,46,00,-33.9,4.9,1.2,-33.8,5.4,1.2
2001,03,05,04,47,00,-33.9,3.9,1.2,-33.9,4.5,1.2
2001,03,05,04,48,00,-34.0,5.0,1.2,-33.9,5.5,1.2
2001,03,05,04,49,00,-33.0,5.1,2.2,-32.9,5.6,2.2
2001,03,05,04,50,00,-33.1,6.1,2.2,-33.0,6.6,2.2
2001,03,05,04,51,00,-32.1,6.2,2.2,-32.0,6.7,2.2
2001,03,05,04,52,00,-32.2,6.2,2.2,-32.1,6.7,2.2
2001,03,05,04,53,00,-32.2,6.3,2.2,-32.1,6.8,2.2
2001,03,05,04,54,00,-32.2,5.3,2.2,-32.1,5.8,2.2
2001,03,05,04,55,00,-32.3,5.4,2.2,-32.2,5.9,2.2
2001,03,05,04,56,00,-32.3,5.4,3.2,-32.2,6.0,3.2
2001,03,05,04,57,00,-32.4,6.5,3.2,-32.3,7.0,3.2
2001,03,05,04,58,00,-32.4,6.6,3.1,-32.3,7.1,3.1
2001,03,05,04,59,00,-32.5,6.6,3.1,-32.3,7.1,3.1
2001,03,05,05,00,00,-31.5,7.7,4.1,-31.4,8.2,4.1
2001,03,05,05,01,00,-31.6,7.7,4.1,-31.4,8.2,4.1
2001,03,05,05,02,00,-31.6,7.8,4.1,-31.5,8.3,4.1
2001,03,05,05,03,00,-31.7,7.9,4.1,-31.5,8.4,4.1
2001,03,05,05,04,00,-30.7,7.9,4.1,-30.6,8.4,4.1
2001,03,05,05,05,00,-31.7,7.0,4.1,-31.6,7.5,4.1
2001,03,05,05,06,00,-30.8,7.0,4.1,-30.7,7.5,4.1
2001,03,05,05,07,00,-30.9,8.1,5.1,-30.7,8.6,5.1
2001,03,05,05,08,00,-29.9,9.2,5.0,-29.8,9.6,5.0
2001,03,05,05,09,00,-30.0,9.2,5.0,-29.8,9.7,5.0
2001,03,05,05,10,00,-30.0,8.3,5.0,-29.9,8.8,5.0
2001,03,05,05,11,00,-30.1,8.4,5.0,-29.9,8.8,5.0
2001,03,05,05,12,00,-30.1,8.4,5.0,-30.0,8.9,5.0
2001,03,05,05,13,00,-29.2,8.5,5.0,-29.0,9.0,5.0
2001,03,05,05,14,00,-29.2,8.6,4.9,-29.1,9.0,4.9
2001,03,05,05,15,00,-29.3,7.6,4.9,-29.2,8.1,4.9
2001,03,05,05,16,00,-29.3,7.7,4.9,-29.2,8.1,4.9
2001,03,05,05,17,00,-28.4,7.8,4.9,-28.3,8.2,4.9
2001,03,05,05,18,00,-27.5,6.8,4.9,-27.3,7.3,4.9
2001,03,05,05,19,00,-27.5,7.9,4.8,-27.4,8.3,4.8
2001,03,05,05,20,00,-27.6,8.0,4.8,-27.5,8.4,4.8
2001,03,05,05,21,00,-26.6,7.0,4.8,-26.5,7.5,4.8
2001,03,05,05,22,00,-25.7,8.1,5.8,-25.6,8.5,5.8
2001,03,05,05,23,00,-25.8,8.2,5.8,-25.7,8.6,5.8
2001,03,05,05,24,00,-26.9,9.2,5.7,-26.7,9.7,5.7
2001,03,05,05,25,00,-26.9,7.3,4.7,-26.8,7.7,4.7
2001,03,05,05,26,00,-27.0,6.4,4.7,-26.9,6.8,4.7
2001,03,05,05,27,00,-26.1,7.4,5.6,-26.0,7.9,5.6
2001,03,05,05,28,00,-26.2,8.5,6.6,-26.0,8.9,6.6
2001,03,05,05,29,00,-26.3,9.6,6.6,-26.1,10.0,6.6
2001,03,05,05,30,00,-25.4,9.7,6.6,-25.2,10.1,6.6
2001,03,05,05,31,00,-25.4,9.7,6.5,-25.3,10.1,6.5
2001,03,05,05,32,00,-25.5,9.8,6.5,-25.4,10.2,6.5
2001,03,05,05,33,00,-25.6,9.8,6.5,-25.4,10.3,6.5
2001,03,05,05,34,00,-25.7,9.9,6.4,-25.5,10.3,6.4
2001,03,05,05,35,00,-24.8,10.0,6.4,-24.6,10.4,6.4
2001,03,05,05,36,00,-24.9,11.1,7.4,-24.7,11.5,7.4
2001,03,05,05,37,00,-25.0,11.1,7.3,-24.8,11.5,7.3
2001,03,05,05,38,00,-25.1,11.2,7.3,-24.9,11.6,7.3
2001,03,05,05,39,00,-25.2,11.3,7.3,-25.0,11.7,7.3
2001,03,05,05,40,00,-24.3,12.3,7.2,-24.1,12.7,7.2
2001,03,05,05,41,00,-24.4,12.4,7.2,-24.2,12.8,7.2
2001,03,05,05,42,00,-24.5,12.5,7.1,-24.3,12.9,7.1
2001,03,05,05,43,00,-24.6,12.5,7.1,-24.4,12.9,7.1
2001,03,05,05,44,00,-24.7,12.6,7.1,-24.5,13.0,7.1
2001,03,05,05,45,00,-24.8,12.7,7.0,-24.6,13.1,7.0
2001,03,05,05,46,00,-23.9,12.8,7.0,-23.7,13.1,7.0
2001,03,05,05,47,00,-24.0,12.8,6.9,-23.8,13.2,6.9
2001,03,05,05,48,00,-24.1,12.9,7.9,-23.9,13.3,7.9
2001,03,05,05,49,00,-24.2,13.0,7.8,-24.0,13.4,7.8
2001,03,05,05,50,00,-23.3,13.1,7.8,-23.1,13.4,7.8
2001,03,05,05,51,00,-23.4,13.1,7.7,-23.2,13.5,7.7
2001,03,05,05,52,00,-22.5,13.2,6.7,-22.3,13.6,6.7
2001,03,05,05,53,00,-22.7,13.3,7.6,-22.4,13.6,7.6
2001,03,05,05,54,00,-21.8,13.4,7.6,-21.6,13.7,7.6
2001,03,05,05,55,00,-21.9,13.4,7.5,-21.7,13.7,7.5
2001,03,05,05,56,00,-23.0,14.4,7.5,-22.8,14.8,7.5
2001,03,05,05,57,00,-23.2,14.5,7.4,-22.9,14.9,7.4
2001,03,05,05,58,00,-24.3,14.6,7.4,-24.1,14.9,7.4
2001,03,05,05,59,00,-24.4,13.6,7.3,-24.2,14.0,7.3
2001,03,05,06,00,00,-24.6,12.7,7.3,-24.3,13.1,7.3
2001,03,05,06,01,00,-25.7,12.7,7.2,-25.5,13.1,7.2
2001,03,05,06,02,00,-27.9,14.8,8.2,-27.6,15.2,8.2
2001,03,05,06,03,00,-28.0,15.8,9.1,-27.8,16.3,9.1
2001,03,05,06,04,00,-28.2,16.9,9.0,-27.9,17.3,9.0
2001,03,05,06,05,00,-28.4,17.9,10.0,-28.1,18.4,10.0
2001,03,05,06,06,00,-28.6,19.0,9.9,-28.2,19.5,9.9
2001,03,05,06,07,00,-28.7,19.1,9.9,-28.4,19.5,9.9
2001,03,05,06,08,00,-28.9,18.1,9.8,-28.6,18.6,9.8
2001,03,05,06,09,00,-29.0,18.2,8.7,-28.7,18.7,8.7
2001,03,05,06,10,00,-28.2,18.3,8.7,-27.9,18.7,8.7
2001,03,05,06,11,00,-28.3,17.3,8.6,-28.1,17.8,8.6
2001,03,05,06,12,00,-27.5,17.4,8.5,-27.2,17.9,8.5
2001,03,05,06,13,00,-27.7,17.5,8.5,-27.4,17.9,8.5
2001,03,05,06,14,00,-27.8,16.5,7.4,-27.6,17.0,7.4
2001,03,05,06,15,00,-28.0,16.6,8.3,-27.8,17.0,8.3
2001,03,05,06,16,00,-28.2,16.7,8.3,-27.9,17.1,8.3
2001,03,05,06,17,00,-27.4,15.7,8.2,-27.1,16.2,8.2
2001,03,05,06,18,00,-26.6,16.8,8.1,-26.3,17.2,8.1
2001,03,05,06,19,00,-25.8,16.9,8.0,-25.5,17.3,8.0
2001,03,05,06,20,00,-26.0,17.9,8.0,-25.7,18.3,8.0
2001,03,05,06,21,00,-25.2,19.0,7.9,-24.9,19.4,7.9
2001,03,05,06,22,00,-24.4,18.1,7.8,-24.1,18.5,7.8
2001,03,05,06,23,00,-24.5,16.1,6.7,-24.3,16.5,6.7
2001,03,05,06,24,00,-24.7,15.2,6.7,-24.5,15.6,6.7
2001,03,05,06,25,00,-24.9,14.2,6.6,-24.7,14.6,6.6
2001,03,05,06,26,00,-25.1,14.3,6.5,-24.9,14.7,6.5
2001,03,05,06,27,00,-25.3,15.3,7.4,-25.1,15.7,7.4
2001,03,05,06,28,00,-25.6,16.4,8.3,-25.3,16.8,8.3
2001,03,05,06,29,00,-25.8,17.4,8.2,-25.5,17.9,8.2
2001,03,05,06,30,00,-25.0,17.5,8.2,-24.7,17.9,8.2
2001,03,05,06,31,00,-24.2,16.6,8.1,-23.9,17.0,8.1
2001,03,05,06,32,00,-24.4,15.6,7.0,-24.2,16.0,7.0
2001,03,05,06,33,00,-23.6,14.7,6.9,-23.4,15.1,6.9
2001,03,05,06,34,00,-22.8,12.7,6.8,-22.6,13.1,6.8
2001,03,05,06,35,00,-21.1,12.8,6.7,-20.8,13.2,6.7
2001,03,05,06,36,00,-20.3,12.9,6.6,-20.1,13.2,6.6
2001,03,05,06,37,00,-19.5,11.9,6.6,-19.3,12.3,6.6
2001,03,05,06,38,00,-18.7,12.0,6.5,-18.6,12.3,6.5
2001,03,05,06,39,00,-18.0,11.1,7.4,-17.8,11.3,7.4
2001,03,05,06,40,00,-17.2,12.1,7.3,-17.0,12.4,7.3
2001,03,05,06,41,00,-16.5,11.2,7.2,-16.3,11.4,7.2
2001,03,05,06,42,00,-15.7,11.2,7.1,-15.5,11.5,7.1
2001,03,05,06,43,00,-16.0,11.3,7.0,-15.8,11.5,7.0
2001,03,05,06,44,00,-15.2,11.3,7.9,-15.0,11.6,7.9
2001,03,05,06,45,00,-14.5,10.4,7.8,-14.3,10.6,7.8
2001,03,05,06,46,00,-13.7,11.4,7.7,-13.6,11.7,7.7
2001,03,05,06,47,00,-14.0,11.5,7.6,-13.8,11.7,7.6
2001,03,05,06,48,00,-14.3,11.5,8.5,-14.1,11.7,8.5
2001,03,05,06,49,00,-13.5,11.6,8.4,-13.3,11.8,8.4
2001,03,05,06,50,00,-13.8,11.6,8.3,-13.6,11.8,8.3
2001,03,05,06,51,00,-15.1,11.6,8.2,-14.9,11.8,8.2
2001,03,05,06,52,00,-14.3,12.7,9.1,-14.1,12.9,9.1
2001,03,05,06,53,00,-14.6,12.7,9.0,-14.4,12.9,9.0
2001,03,05,06,54,00,-14.9,12.7,8.9,-14.7,12.9,8.9
2001,03,05,06,55,00,-14.2,13.8,8.8,-14.0,14.0,8.8
2001,03,05,06,56,00,-14.5,13.8,8.7,-14.2,14.0,8.7
2001,03,05,06,57,00,-15.7,13.8,9.6,-15.5,14.0,9.6
2001,03,05,06,58,00,-16.0,14.8,9.5,-15.8,15.1,9.5
2001,03,05,06,59,00,-16.3,14.8,9.4,-16.1,15.1,9.4
2001,03,05,07,00,00,-16.6,14.9,9.3,-16.4,15.1,9.3
2001,03,05,07,01,00,-16.9,15.9,10.2,-16.6,16.2,10.2
2001,03,05,07,02,00,-17.2,15.9,10.1,-16.9,16.2,10.1
2001,03,05,07,03,00,-17.5,16.9,9.9,-17.2,17.2,9.9
2001,03,05,07,04,00,-18.8,18.9,10.8,-18.5,19.2,10.8
2001,03,05,07,05,00,-20.1,19.9,10.7,-19.8,20.2,10.7
2001,03,05,07,06,00,-22.4,20.9,10.6,-22.1,21.3,10.6
2001,03,05,07,07,00,-23.7,20.9,10.5,-23.4,21.3,10.5
2001,03,05,07,08,00,-25.1,22.9,11.4,-24.7,23.3,11.4
2001,03,05,07,09,00,-25.4,23.9,12.3,-25.0,24.3,12.3
2001,03,05,07,10,00,-25.7,24.9,12.2,-25.3,25.3,12.2
2001,03,05,07,11,00,-25.0,26.0,12.1,-24.6,26.4,12.1
2001,03,05,07,12,00,-24.3,25.0,11.9,-23.9,25.4,11.9
2001,03,05,07,13,00,-23.6,24.0,10.8,-23.2,24.4,10.8
2001,03,05,07,14,00,-22.9,24.0,9.7,-22.6,24.4,9.7
2001,03,05,07,15,00,-24.2,23.0,9.6,-23.9,23.4,9.6
2001,03,05,07,16,00,-25.6,24.0,9.5,-25.2,24.4,9.5
2001,03,05,07,17,00,-26.9,25.0,9.4,-26.5,25.4,9.4
2001,03,05,07,18,00,-27.2,26.0,9.2,-26.8,26.4,9.2
2001,03,05,07,19,00,-27.6,26.0,10.1,-27.1,26.5,10.1
2001,03,05,07,20,00,-28.9,27.0,10.0,-28.5,27.5,10.0
2001,03,05,07,21,00,-30.2,28.0,9.9,-29.8,28.5,9.9
2001,03,05,07,22,00,-30.6,29.0,10.8,-30.1,29.5,10.8
2001,03,05,07,23,00,-31.9,29.0,9.7,-31.4,29.5,9.7
2001,03,05,07,24,00,-33.2,29.0,9.5,-32.7,29.5,9.5
2001,03,05,07,25,00,-34.5,29.9,9.4,-34.1,30.5,9.4
2001,03,05,07,26,00,-35.9,29.9,10.3,-35.4,30.5,10.3
2001,03,05,07,27,00,-36.2,30.9,10.2,-35.7,31.5,10.2
2001,03,05,07,28,00,-37.5,31.9,9.1,-37.0,32.5,9.1
2001,03,05,07,29,00,-37.9,31.9,9.0,-37.4,32.5,9.0
2001,03,05,07,30,00,-38.2,31.9,8.9,-37.7,32.5,8.9
2001,03,05,07,31,00,-39.5,31.9,8.8,-39.0,32.5,8.8
2001,03,05,07,32,00,-39.8,31.8,8.6,-39.3,32.5,8.6
2001,03,05,07,33,00,-40.1,31.8,8.5,-39.6,32.5,8.5
2001,03,05,07,34,00,-40.5,32.8,9.4,-40.0,33.5,9.4
2001,03,05,07,35,00,-39.8,32.8,9.3,-39.3,33.5,9.3
2001,03,05,07,36,00,-39.1,32.8,9.2,-38.6,33.4,9.2
2001,03,05,07,37,00,-39.5,32.8,9.1,-38.9,33.4,9.1
2001,03,05,07,38,00,-38.8,31.8,8.0,-38.3,32.4,8.0
2001,03,05,07,39,00,-38.1,30.8,7.9,-37.6,31.4,7.9
2001,03,05,07,40,00,-37.4,28.8,7.7,-36.9,29.4,7.7
2001,03,05,07,41,00,-37.7,29.8,7.6,-37.3,30.4,7.6
2001,03,05,07,42,00,-37.1,29.8,8.5,-36.6,30.3,8.5
2001,03,05,07,43,00,-36.4,29.8,8.4,-35.9,30.3,8.4
2001,03,05,07,44,00,-35.7,29.8,8.3,-35.3,30.3,8.3
2001,03,05,07,45,00,-35.1,28.7,7.2,-34.6,29.3,7.2
2001,03,05,07,46,00,-34.4,28.7,7.1,-33.9,29.3,7.1
2001,03,05,07,47,00,-34.7,27.7,7.0,-34.3,28.3,7.0
2001,03,05,07,48,00,-34.0,27.7,6.8,-33.6,28.2,6.8
2001,03,05,07,49,00,-34.4,27.7,7.7,-33.9,28.2,7.7
2001,03,05,07,50,00,-33.7,28.7,7.6,-33.3,29.2,7.6
2001,03,05,07,51,00,-34.1,28.6,7.5,-33.6,29.2,7.5
2001,03,05,07,52,00,-33.4,28.6,7.4,-32.9,29.2,7.4
2001,03,05,07,53,00,-33.7,28.6,7.3,-33.3,29.1,7.3
2001,03,05,07,54,00,-34.1,29.6,8.2,-33.6,30.1,8.2
2001,03,05,07,55,00,-33.4,30.5,8.1,-32.9,31.1,8.1
2001,03,05,07,56,00,-31.7,29.5,8.0,-31.3,30.0,8.0
2001,03,05,07,57,00,-31.0,28.5,7.9,-30.6,29.0,7.9
2001,03,05,07,58,00,-31.4,28.5,6.8,-30.9,29.0,6.8
2001,03,05,07,59,00,-31.7,28.5,6.7,-31.2,29.0,6.7
2001,03,05,08,00,00,-31.0,27.4,6.6,-30.6,27.9,6.6
2001,03,05,08,01,00,-31.3,28.4,6.5,-30.9,28.9,6.5
2001,03,05,08,02,00,-32.7,29.3,7.4,-32.2,29.9,7.4
2001,03,05,08,03,00,-34.0,30.3,7.3,-33.5,30.8,7.3
2001,03,05,08,04,00,-35.3,31.2,7.2,-34.8,31.8,7.2
2001,03,05,08,05,00,-36.7,32.2,7.1,-36.2,32.8,7.1
2001,03,05,08,06,00,-38.0,33.1,7.0,-37.5,33.7,7.0
2001,03,05,08,07,00,-39.4,34.1,6.9,-38.8,34.7,6.9
2001,03,05,08,08,00,-40.7,34.0,6.8,-40.1,34.6,6.8
2001,03,05,08,09,00,-42.0,33.9,6.7,-41.5,34.6,6.7
2001,03,05,08,10,00,-42.3,34.9,6.6,-41.8,35.6,6.6
2001,03,05,08,11,00,-43.7,34.8,6.5,-43.1,35.5,6.5
2001,03,05,08,12,00,-44.0,35.8,6.4,-43.4,36.5,6.4
2001,03,05,08,13,00,-45.3,36.7,6.4,-44.7,37.4,6.4
2001,03,05,08,14,00,-45.7,36.7,6.3,-45.1,37.4,6.3
2001,03,05,08,15,00,-48.0,36.6,6.2,-47.4,37.3,6.2
2001,03,05,08,16,00,-48.3,37.5,5.1,-47.7,38.3,5.1
2001,03,05,08,17,00,-48.6,37.5,5.0,-48.0,38.2,5.0
2001,03,05,08,18,00,-48.9,37.4,4.9,-48.3,38.2,4.9
2001,03,05,08,19,00,-49.3,38.4,4.8,-48.6,39.1,4.8
2001,03,05,08,20,00,-49.6,38.3,4.7,-49.0,39.1,4.7
2001,03,05,08,21,00,-49.9,39.2,4.7,-49.3,40.0,4.7
2001,03,05,08,22,00,-51.2,39.2,4.6,-50.6,40.0,4.6
2001,03,05,08,23,00,-51.5,39.1,4.5,-50.9,39.9,4.5
2001,03,05,08,24,00,-51.8,39.0,4.4,-51.2,39.9,4.4
2001,03,05,08,25,00,-51.1,39.0,4.3,-50.5,39.8,4.3
2001,03,05,08,26,00,-51.4,38.9,4.3,-50.8,39.7,4.3
2001,03,05,08,27,00,-51.7,38.9,4.2,-51.1,39.7,4.2
2001,03,05,08,28,00,-52.0,38.8,4.1,-51.4,39.6,4.1
2001,03,05,08,29,00,-52.3,38.7,4.0,-51.7,39.6,4.0
2001,03,05,08,30,00,-52.6,38.7,4.0,-52.0,39.5,4.0
2001,03,05,08,31,00,-52.9,38.6,3.9,-52.3,39.4,3.9
2001,03,05,08,32,00,-53.2,38.5,3.8,-52.6,39.4,3.8
2001,03,05,08,33,00,-55.5,38.4,2.7,-54.9,39.3,2.7
2001,03,05,08,34,00,-57.8,38.3,2.7,-57.2,39.3,2.7
2001,03,05,08,35,00,-60.1,37.2,2.6,-59.5,38.2,2.6
2001,03,05,08,36,00,-60.4,38.2,3.5,-59.8,39.1,3.5
2001,03,05,08,37,00,-59.7,39.1,4.5,-59.1,40.1,4.5
2001,03,05,08,38,00,-59.0,40.1,4.4,-58.4,41.0,4.4
2001,03,05,08,39,00,-56.3,39.0,4.3,-55.7,39.9,4.3
2001,03,05,08,40,00,-54.6,38.0,4.3,-54.0,38.8,4.3
2001,03,05,08,41,00,-52.8,36.9,3.2,-52.3,37.8,3.2
2001,03,05,08,42,00,-51.1,35.9,3.2,-50.5,36.7,3.2
2001,03,05,08,43,00,-50.4,34.8,3.1,-49.8,35.6,3.1
2001,03,05,08,44,00,-50.7,34.8,3.0,-50.1,35.6,3.0
2001,03,05,08,45,00,-51.0,34.7,3.0,-50.4,35.5,3.0
2001,03,05,08,46,00,-51.2,34.6,2.9,-50.7,35.4,2.9
2001,03,05,08,47,00,-51.5,33.5,2.9,-51.0,34.3,2.9
2001,03,05,08,48,00,-51.8,33.4,2.8,-51.2,34.2,2.8
2001,03,05,08,49,00,-52.0,33.3,2.7,-51.5,34.2,2.7
2001,03,05,08,50,00,-52.3,33.3,3.7,-51.8,34.1,3.7
2001,03,05,08,51,00,-52.6,33.2,3.6,-52.1,34.0,3.6
2001,03,05,08,52,00,-52.9,33.1,3.6,-52.3,33.9,3.6
2001,03,05,08,53,00,-53.1,34.0,3.5,-52.6,34.8,3.5
2001,03,05,08,54,00,-53.4,33.9,3.5,-52.9,34.7,3.5
2001,03,05,08,55,00,-53.7,34.8,4.4,-53.1,35.7,4.4
2001,03,05,08,56,00,-52.9,34.7,4.4,-52.4,35.6,4.4
2001,03,05,08,57,00,-52.2,34.7,4.3,-51.6,35.5,4.3
2001,03,05,08,58,00,-53.5,35.6,4.3,-52.9,36.4,4.3
2001,03,05,08,59,00,-52.7,34.5,3.2,-52.2,35.3,3.2
2001,03,05,09,00,00,-50.9,33.4,3.2,-50.4,34.2,3.2
2001,03,05,09,01,00,-50.2,33.3,3.1,-49.6,34.1,3.1
2001,03,05,09,02,00,-50.4,33.3,3.1,-49.9,34.0,3.1
2001,03,05,09,03,00,-50.7,33.2,3.0,-50.1,34.0,3.0
2001,03,05,09,04,00,-51.9,34.0,3.0,-51.4,34.9,3.0
2001,03,05,09,05,00,-53.2,33.9,3.0,-52.6,34.8,3.0
2001,03,05,09,06,00,-54.4,32.8,2.9,-53.9,33.7,2.9
2001,03,05,09,07,00,-55.6,33.7,2.9,-55.1,34.6,2.9
2001,03,05,09,08,00,-55.9,33.6,2.8,-55.3,34.5,2.8
2001,03,05,09,09,00,-57.1,34.5,2.8,-56.6,35.4,2.8
2001,03,05,09,10,00,-58.4,35.4,3.7,-57.8,36.3,3.7
2001,03,05,09,11,00,-58.6,36.2,3.7,-58.0,37.2,3.7
2001,03,05,09,12,00,-59.9,36.1,3.7,-59.3,37.1,3.7
2001,03,05,09,13,00,-59.1,36.0,3.6,-58.5,37.0,3.6
2001,03,05,09,14,00,-59.3,35.9,3.6,-58.7,36.9,3.6
2001,03,05,09,15,00,-59.5,35.8,3.6,-58.9,36.8,3.6
2001,03,05,09,16,00,-59.7,35.7,2.5,-59.2,36.7,2.5
2001,03,05,09,17,00,-59.9,35.6,2.5,-59.4,36.6,2.5
2001,03,05,09,18,00,-59.2,35.5,2.4,-58.6,36.4,2.4
2001,03,05,09,19,00,-59.4,36.4,2.4,-58.8,37.3,2.4
2001,03,05,09,20,00,-59.6,36.3,2.4,-59.0,37.2,2.4
2001,03,05,09,21,00,-59.8,36.2,2.3,-59.2,37.1,2.3
2001,03,05,09,22,00,-61.0,37.0,2.3,-60.4,38.0,2.3
2001,03,05,09,23,00,-61.2,36.9,2.3,-60.6,37.9,2.3
2001,03,05,09,24,00,-62.4,36.8,1.3,-61.8,37.8,1.3
2001,03,05,09,25,00,-62.6,36.7,1.2,-62.0,37.7,1.2
2001,03,05,09,26,00,-61.8,36.6,1.2,-61.2,37.6,1.2
2001,03,05,09,27,00,-62.0,36.5,0.2,-61.4,37.5,0.2
2001,03,05,09,28,00,-62.2,36.4,0.1,-61.6,37.3,0.1
2001,03,05,09,29,00,-61.3,35.3,0.1,-60.8,36.2,0.1
2001,03,05,09,30,00,-60.5,35.2,0.1,-59.9,36.1,0.1
2001,03,05,09,31,00,-59.7,35.1,0.1,-59.1,36.0,0.1
2001,03,05,09,32,00,-58.9,35.0,0.0,-58.3,35.9,0.0
2001,03,05,09,33,00,-59.0,35.8,0.0,-58.5,36.8,0.0
2001,03,05,09,34,00,-59.2,35.7,-0.0,-58.6,36.7,-0.0
2001,03,05,09,35,00,-59.4,34.6,-0.0,-58.8,35.5,-0.0
2001,03,05,09,36,00,-59.5,34.5,-0.1,-59.0,35.4,-0.1
2001,03,05,09,37,00,-60.7,35.3,-0.1,-60.1,36.3,-0.1
2001,03,05,09,38,00,-60.9,35.2,-0.1,-60.3,36.2,-0.1
2001,03,05,09,39,00,-61.0,36.1,-0.1,-60.4,37.1,-0.1
2001,03,05,09,40,00,-61.2,36.0,-0.2,-60.6,36.9,-0.2
2001,03,05,09,41,00,-61.3,35.9,-1.2,-60.7,36.8,-1.2
2001,03,05,09,42,00,-61.5,35.7,-1.2,-60.9,36.7,-1.2
2001,03,05,09,43,00,-61.6,35.6,-1.2,-61.0,36.6,-1.2
2001,03,05,09,44,00,-60.7,35.5,-1.2,-60.2,36.5,-1.2
2001,03,05,09,45,00,-60.9,35.4,-1.3,-60.3,36.3,-1.3
2001,03,05,09,46,00,-60.0,35.3,-1.3,-59.5,36.2,-1.3
2001,03,05,09,47,00,-60.2,35.1,-1.3,-59.6,36.1,-1.3
2001,03,05,09,48,00,-60.3,36.0,-1.3,-59.7,37.0,-1.3
2001,03,05,09,49,00,-59.4,34.9,-1.3,-58.8,35.8,-1.3
2001,03,05,09,50,00,-58.5,35.8,-1.3,-58.0,36.7,-1.3
2001,03,05,09,51,00,-58.7,35.7,-2.4,-58.1,36.6,-2.4
2001,03,05,09,52,00,-58.8,35.5,-2.4,-58.2,36.5,-2.4
2001,03,05,09,53,00,-57.9,35.4,-2.4,-57.3,36.3,-2.4
2001,03,05,09,54,00,-58.0,35.3,-2.4,-57.4,36.2,-2.4
2001,03,05,09,55,00,-58.1,35.2,-2.4,-57.6,36.1,-2.4
2001,03,05,09,56,00,-58.2,35.1,-2.4,-57.7,36.0,-2.4
2001,03,05,09,57,00,-58.3,34.9,-2.4,-57.8,35.9,-2.4
2001,03,05,09,58,00,-58.4,34.8,-3.4,-57.9,35.7,-3.4
2001,03,05,09,59,00,-58.5,34.7,-3.4,-58.0,35.6,-3.4
2001,03,05,10,00,00,-58.6,34.6,-3.4,-58.1,35.5,-3.4
2001,03,05,10,01,00,-57.7,34.5,-3.4,-57.1,35.4,-3.4
2001,03,05,10,02,00,-57.8,34.3,-3.4,-57.2,35.2,-3.4
2001,03,05,10,03,00,-57.9,34.2,-3.5,-57.3,35.1,-3.5
2001,03,05,10,04,00,-58.9,34.1,-4.5,-58.4,35.0,-4.5
2001,03,05,10,05,00,-59.0,33.9,-3.5,-58.5,34.9,-3.5
2001,03,05,10,06,00,-59.1,33.8,-3.5,-58.5,34.7,-3.5
2001,03,05,10,07,00,-59.2,33.7,-4.5,-58.6,34.6,-4.5
2001,03,05,10,08,00,-59.2,33.6,-4.5,-58.7,34.5,-4.5
2001,03,05,10,09,00,-60.3,33.4,-4.5,-59.7,34.4,-4.5
2001,03,05,10,10,00,-60.3,33.3,-4.5,-59.8,34.3,-4.5
2001,03,05,10,11,00,-60.4,33.2,-4.5,-59.9,34.1,-4.5
2001,03,05,10,12,00,-60.5,33.1,-4.5,-59.9,34.0,-4.5
2001,03,05,10,13,00,-60.5,33.9,-4.5,-60.0,34.9,-4.5
2001,03,05,10,14,00,-59.6,32.8,-4.5,-59.0,33.8,-4.5
2001,03,05,10,15,00,-60.6,32.7,-4.5,-60.1,33.6,-4.5
2001,03,05,10,16,00,-60.6,32.6,-4.5,-60.1,33.5,-4.5
2001,03,05,10,17,00,-59.7,32.4,-4.4,-59.2,33.4,-4.4
2001,03,05,10,18,00,-59.7,32.3,-5.4,-59.2,33.3,-5.4
2001,03,05,10,19,00,-59.8,32.2,-5.4,-59.2,33.1,-5.4
2001,03,05,10,20,00,-59.8,32.1,-5.4,-59.3,33.0,-5.4
2001,03,05,10,21,00,-60.8,31.9,-5.4,-60.3,32.9,-5.4
2001,03,05,10,22,00,-60.8,31.8,-5.4,-60.3,32.8,-5.4
2001,03,05,10,23,00,-61.9,31.7,-5.4,-61.4,32.7,-5.4
2001,03,05,10,24,00,-61.9,31.6,-5.4,-61.4,32.5,-5.4
2001,03,05,10,25,00,-60.9,31.5,-5.4,-60.4,32.4,-5.4
2001,03,05,10,26,00,-60.9,31.3,-6.3,-60.4,32.3,-6.3
2001,03,05,10,27,00,-60.9,31.2,-6.3,-60.4,32.2,-6.3
2001,03,05,10,28,00,-60.9,31.1,-6.3,-60.4,32.1,-6.3
2001,03,05,10,29,00,-62.0,31.0,-6.3,-61.5,31.9,-6.3
2001,03,05,10,30,00,-62.0,31.8,-6.2,-61.5,32.8,-6.2
2001,03,05,10,31,00,-62.0,31.7,-6.2,-61.5,32.7,-6.2
2001,03,05,10,32,00,-63.0,32.6,-6.2,-62.5,33.6,-6.2
2001,03,05,10,33,00,-63.0,32.5,-6.2,-62.5,33.5,-6.2
2001,03,05,10,34,00,-64.0,32.3,-6.1,-63.5,33.4,-6.1
2001,03,05,10,35,00,-64.0,33.2,-6.1,-63.5,34.2,-6.1
2001,03,05,10,36,00,-63.0,33.1,-6.1,-62.5,34.1,-6.1
2001,03,05,10,37,00,-63.0,33.0,-6.0,-62.5,34.0,-6.0
2001,03,05,10,38,00,-62.0,32.9,-6.0,-61.5,33.9,-6.0
2001,03,05,10,39,00,-62.0,32.8,-6.0,-61.4,33.8,-6.0
2001,03,05,10,40,00,-60.9,32.7,-5.9,-60.4,33.7,-5.9
2001,03,05,10,41,00,-59.9,32.6,-5.9,-59.4,33.5,-5.9
2001,03,05,10,42,00,-58.9,31.5,-5.9,-58.4,32.4,-5.9
2001,03,05,10,43,00,-57.8,30.4,-5.8,-57.4,31.3,-5.8
2001,03,05,10,44,00,-56.8,30.3,-5.8,-56.3,31.2,-5.8
2001,03,05,10,45,00,-56.8,30.2,-5.7,-56.3,31.1,-5.7
2001,03,05,10,46,00,-55.8,30.1,-5.7,-55.3,31.0,-5.7
2001,03,05,10,47,00,-55.7,29.0,-5.6,-55.2,29.9,-5.6
2001,03,05,10,48,00,-55.7,28.9,-5.6,-55.2,29.8,-5.6
2001,03,05,10,49,00,-54.6,28.8,-5.6,-54.2,29.6,-5.6
2001,03,05,10,50,00,-55.6,28.7,-5.5,-55.1,29.5,-5.5
2001,03,05,10,51,00,-54.5,28.6,-5.5,-54.1,29.4,-5.5
2001,03,05,10,52,00,-54.5,28.5,-5.4,-54.0,29.3,-5.4
2001,03,05,10,53,00,-54.4,28.4,-5.3,-54.0,29.2,-5.3
2001,03,05,10,54,00,-54.4,28.3,-5.3,-53.9,29.1,-5.3
2001,03,05,10,55,00,-54.3,29.1,-5.2,-53.9,30.0,-5.2
2001,03,05,10,56,00,-54.3,29.0,-5.2,-53.8,29.9,-5.2
2001,03,05,10,57,00,-53.2,29.0,-5.1,-52.8,29.8,-5.1
2001,03,05,10,58,00,-53.2,28.9,-5.1,-52.7,29.7,-5.1
2001,03,05,10,59,00,-53.1,28.8,-5.0,-52.6,29.6,-5.0
2001,03,05,11,00,00,-53.0,28.7,-4.9,-52.6,29.5,-4.9
2001,03,05,11,01,00,-53.0,29.6,-4.9,-52.5,30.4,-4.9
2001,03,05,11,02,00,-53.9,29.4,-4.8,-53.4,30.3,-4.8
2001,03,05,11,03,00,-54.8,29.3,-4.7,-54.3,30.2,-4.7
2001,03,05,11,04,00,-54.7,29.2,-4.6,-54.3,30.1,-4.6
2001,03,05,11,05,00,-55.6,29.1,-4.6,-55.2,30.0,-4.6
2001,03,05,11,06,00,-54.6,30.1,-4.5,-54.1,30.9,-4.5
2001,03,05,11,07,00,-54.5,30.0,-4.4,-54.0,30.8,-4.4
2001,03,05,11,08,00,-53.4,29.9,-4.3,-52.9,30.7,-4.3
2001,03,05,11,09,00,-53.3,28.8,-4.3,-52.8,29.6,-4.3
2001,03,05,11,10,00,-53.2,28.7,-4.2,-52.7,29.5,-4.2
2001,03,05,11,11,00,-52.1,29.6,-4.1,-51.6,30.5,-4.1
2001,03,05,11,12,00,-52.0,29.5,-4.0,-51.5,30.4,-4.0
2001,03,05,11,13,00,-52.9,29.4,-4.9,-52.4,30.3,-4.9
2001,03,05,11,14,00,-52.8,29.4,-4.8,-52.3,30.2,-4.8
2001,03,05,11,15,00,-52.7,29.3,-3.7,-52.2,30.1,-3.7
2001,03,05,11,16,00,-52.6,29.2,-3.7,-52.1,30.0,-3.7
2001,03,05,11,17,00,-50.5,29.1,-4.6,-50.0,29.9,-4.6
2001,03,05,11,18,00,-51.4,29.0,-4.5,-50.9,29.8,-4.5
2001,03,05,11,19,00,-50.2,28.0,-4.4,-49.8,28.8,-4.4
2001,03,05,11,20,00,-50.1,27.9,-4.3,-49.7,28.7,-4.3
2001,03,05,11,21,00,-50.0,27.8,-5.2,-49.5,28.6,-5.2
2001,03,05,11,22,00,-49.9,28.7,-4.1,-49.4,29.5,-4.1
2001,03,05,11,23,00,-49.7,27.6,-5.0,-49.3,28.4,-5.0
2001,03,05,11,24,00,-49.6,28.6,-4.9,-49.2,29.4,-4.9
2001,03,05,11,25,00,-50.5,28.5,-4.8,-50.0,29.3,-4.8
2001,03,05,11,26,00,-49.3,28.4,-5.7,-48.9,29.2,-5.7
2001,03,05,11,27,00,-49.2,27.3,-5.6,-48.7,28.1,-5.6
2001,03,05,11,28,00,-49.0,27.3,-5.5,-48.6,28.0,-5.5
2001,03,05,11,29,00,-48.9,27.2,-5.4,-48.4,28.0,-5.4
2001,03,05,11,30,00,-49.7,27.1,-6.3,-49.3,27.9,-6.3
2001,03,05,11,31,00,-50.6,28.0,-6.2,-50.1,28.8,-6.2
2001,03,05,11,32,00,-50.4,27.9,-6.1,-50.0,28.7,-6.1
2001,03,05,11,33,00,-51.3,27.9,-6.0,-50.8,28.7,-6.0
2001,03,05,11,34,00,-51.1,27.8,-6.9,-50.7,28.6,-6.9
2001,03,05,11,35,00,-50.9,27.7,-6.8,-50.5,28.5,-6.8
2001,03,05,11,36,00,-50.8,26.7,-6.6,-50.3,27.5,-6.6
2001,03,05,11,37,00,-50.6,26.6,-7.5,-50.2,27.4,-7.5
2001,03,05,11,38,00,-50.4,26.5,-7.4,-50.0,27.3,-7.4
2001,03,05,11,39,00,-50.2,26.5,-7.3,-49.8,27.2,-7.3
2001,03,05,11,40,00,-50.0,26.4,-7.2,-49.6,27.2,-7.2
2001,03,05,11,41,00,-49.9,26.3,-7.1,-49.4,27.1,-7.1
2001,03,05,11,42,00,-49.7,27.3,-7.9,-49.2,28.1,-7.9
2001,03,05,11,43,00,-49.5,27.2,-7.8,-49.1,28.0,-7.8
2001,03,05,11,44,00,-49.3,26.1,-7.7,-48.9,26.9,-7.7
2001,03,05,11,45,00,-49.1,26.1,-7.6,-48.7,26.9,-7.6
2001,03,05,11,46,00,-48.9,26.0,-7.5,-48.5,26.8,-7.5
2001,03,05,11,47,00,-48.7,26.0,-8.3,-48.3,26.7,-8.3
2001,03,05,11,48,00,-47.5,25.9,-8.2,-47.1,26.7,-8.2
2001,03,05,11,49,00,-47.3,25.9,-8.1,-46.8,26.6,-8.1
2001,03,05,11,50,00,-47.1,25.8,-8.0,-46.6,26.6,-8.0
2001,03,05,11,51,00,-47.8,26.7,-7.8,-47.4,27.5,-7.8
2001,03,05,11,52,00,-47.6,26.7,-7.7,-47.2,27.4,-7.7
2001,03,05,11,53,00,-48.4,26.6,-7.6,-48.0,27.4,-7.6
2001,03,05,11,54,00,-49.2,26.5,-7.5,-48.8,27.3,-7.5
2001,03,05,11,55,00,-49.0,27.5,-7.4,-48.5,28.3,-7.4
2001,03,05,11,56,00,-49.7,27.4,-7.2,-49.3,28.2,-7.2
2001,03,05,11,57,00,-50.5,28.4,-8.1,-50.1,29.2,-8.1
2001,03,05,11,58,00,-50.3,28.3,-8.0,-49.8,29.1,-8.0
2001,03,05,11,59,00,-50.0,28.3,-7.9,-49.6,29.1,-7.9
2001,03,05,12,00,00,-50.8,28.2,-7.8,-50.3,29.0,-7.8
2001,03,05,12,01,00,-50.5,28.2,-7.7,-50.1,29.0,-7.7
2001,03,05,12,02,00,-50.3,28.1,-7.6,-49.8,28.9,-7.6
2001,03,05,12,03,00,-50.0,28.1,-7.5,-49.6,28.9,-7.5
2001,03,05,12,04,00,-48.7,28.0,-7.3,-48.3,28.8,-7.3
2001,03,05,12,05,00,-48.5,27.0,-7.2,-48.0,27.8,-7.2
2001,03,05,12,06,00,-48.2,27.0,-7.1,-47.7,27.7,-7.1
2001,03,05,12,07,00,-48.9,26.9,-7.0,-48.5,27.7,-7.0
2001,03,05,12,08,00,-48.6,26.9,-6.9,-48.2,27.6,-6.9
2001,03,05,12,09,00,-47.3,27.9,-5.8,-46.9,28.6,-5.8
2001,03,05,12,10,00,-47.1,27.8,-5.7,-46.6,28.6,-5.7
2001,03,05,12,11,00,-46.8,28.8,-5.5,-46.3,29.5,-5.5
2001,03,05,12,12,00,-45.5,28.8,-5.4,-45.0,29.5,-5.4
2001,03,05,12,13,00,-45.2,28.7,-5.3,-44.7,29.4,-5.3
2001,03,05,12,14,00,-43.9,27.7,-6.2,-43.4,28.4,-6.2
2001,03,05,12,15,00,-43.5,26.7,-5.1,-43.1,27.4,-5.1
2001,03,05,12,16,00,-42.2,26.7,-5.0,-41.8,27.3,-5.0
2001,03,05,12,17,00,-39.9,25.7,-5.9,-39.5,26.3,-5.9
2001,03,05,12,18,00,-39.6,24.6,-5.8,-39.2,25.3,-5.8
2001,03,05,12,19,00,-38.3,24.6,-5.7,-37.9,25.2,-5.7
2001,03,05,12,20,00,-37.9,24.6,-5.6,-37.5,25.2,-5.6
2001,03,05,12,21,00,-37.6,24.6,-5.5,-37.2,25.2,-5.5
2001,03,05,12,22,00,-37.3,23.5,-5.4,-36.9,24.1,-5.4
2001,03,05,12,23,00,-37.0,23.5,-5.3,-36.6,24.1,-5.3
2001,03,05,12,24,00,-36.6,22.5,-6.2,-36.3,23.1,-6.2
2001,03,05,12,25,00,-36.3,22.5,-5.1,-36.0,23.0,-5.1
2001,03,05,12,26,00,-36.0,22.4,-6.0,-35.6,23.0,-6.0
2001,03,05,12,27,00,-35.7,22.4,-5.9,-35.3,23.0,-5.9
2001,03,05,12,28,00,-35.4,22.4,-5.8,-35.0,22.9,-5.8
2001,03,05,12,29,00,-35.1,22.4,-5.7,-34.7,22.9,-5.7
2001,03,05,12,30,00,-34.7,22.3,-5.6,-34.4,22.9,-5.6
2001,03,05,12,31,00,-35.4,22.3,-5.5,-35.1,22.8,-5.5
2001,03,05,12,32,00,-36.1,22.3,-5.5,-35.8,22.8,-5.5
2001,03,05,12,33,00,-35.8,21.2,-5.4,-35.4,21.8,-5.4
2001,03,05,12,34,00,-35.4,21.2,-5.3,-35.1,21.8,-5.3
2001,03,05,12,35,00,-36.1,21.2,-5.2,-35.8,21.7,-5.2
2001,03,05,12,36,00,-35.8,21.2,-5.2,-35.4,21.7,-5.2
2001,03,05,12,37,00,-35.5,21.1,-5.1,-35.1,21.7,-5.1
2001,03,05,12,38,00,-35.1,21.1,-5.0,-34.8,21.7,-5.0
2001,03,05,12,39,00,-34.8,21.1,-4.9,-34.4,21.6,-4.9
2001,03,05,12,40,00,-35.4,21.1,-4.9,-35.1,21.6,-4.9
2001,03,05,12,41,00,-34.1,21.1,-4.8,-33.8,21.6,-4.8
2001,03,05,12,42,00,-33.7,20.0,-4.7,-33.4,20.6,-4.7
2001,03,05,12,43,00,-33.4,20.0,-4.7,-33.1,20.6,-4.7
2001,03,05,12,44,00,-33.1,20.0,-4.6,-32.7,20.5,-4.6
2001,03,05,12,45,00,-32.7,19.0,-4.6,-32.4,19.5,-4.6
2001,03,05,12,46,00,-31.4,19.0,-4.5,-31.1,19.5,-4.5
2001,03,05,12,47,00,-31.0,19.0,-4.5,-30.7,19.5,-4.5
2001,03,05,12,48,00,-30.7,18.0,-4.4,-30.4,18.4,-4.4
2001,03,05,12,49,00,-30.3,17.9,-4.3,-30.1,18.4,-4.3
2001,03,05,12,50,00,-30.0,17.9,-4.3,-29.7,18.4,-4.3
2001,03,05,12,51,00,-29.7,17.9,-4.2,-29.4,18.4,-4.2
2001,03,05,12,52,00,-30.3,17.9,-4.2,-30.0,18.4,-4.2
2001,03,05,12,53,00,-29.0,16.9,-4.2,-28.7,17.4,-4.2
2001,03,05,12,54,00,-28.7,16.9,-3.1,-28.4,17.3,-3.1
2001,03,05,12,55,00,-28.3,16.9,-3.1,-28.1,17.3,-3.1
2001,03,05,12,56,00,-28.0,16.9,-3.0,-27.7,17.3,-3.0
2001,03,05,12,57,00,-27.7,15.8,-3.0,-27.4,16.3,-3.0
2001,03,05,12,58,00,-27.4,15.8,-3.0,-27.1,16.3,-3.0
2001,03,05,12,59,00,-28.1,15.8,-2.9,-27.8,16.2,-2.9
2001,03,05,13,00,00,-27.7,15.8,-2.9,-27.5,16.2,-2.9
2001,03,05,13,01,00,-27.4,15.8,-2.9,-27.2,16.2,-2.9
2001,03,05,13,02,00,-27.1,15.8,-1.9,-26.9,16.2,-1.9
2001,03,05,13,03,00,-26.8,15.7,-1.8,-26.6,16.2,-1.8
2001,03,05,13,04,00,-26.5,15.7,-1.8,-26.3,16.1,-1.8
2001,03,05,13,05,00,-27.2,15.7,-1.8,-27.0,16.1,-1.8
2001,03,05,13,06,00,-26.9,15.7,-1.8,-26.7,16.1,-1.8
2001,03,05,13,07,00,-27.6,15.7,-1.8,-27.4,16.1,-1.8
2001,03,05,13,08,00,-27.3,15.6,-1.8,-27.1,16.1,-1.8
2001,03,05,13,09,00,-27.0,15.6,-0.8,-26.8,16.1,-0.8
2001,03,05,13,10,00,-27.7,15.6,-0.8,-27.5,16.0,-0.8
2001,03,05,13,11,00,-26.4,15.6,-0.8,-26.2,16.0,-0.8
2001,03,05,13,12,00,-26.1,15.6,-0.8,-25.9,16.0,-0.8
2001,03,05,13,13,00,-25.8,15.6,-0.8,-25.6,16.0,-0.8
2001,03,05,13,14,00,-25.5,15.6,-0.8,-25.3,16.0,-0.8
2001,03,05,13,15,00,-25.2,15.6,-0.8,-25.0,16.0,-0.8
2001,03,05,13,16,00,-25.0,15.5,-0.8,-24.7,15.9,-0.8
2001,03,05,13,17,00,-23.7,14.5,-0.8,-23.4,14.9,-0.8
2001,03,05,13,18,00,-23.4,14.5,-0.8,-23.1,14.9,-0.8
2001,03,05,13,19,00,-23.1,14.5,-0.8,-22.9,14.9,-0.8
2001,03,05,13,20,00,-22.8,14.5,-0.8,-22.6,14.9,-0.8
2001,03,05,13,21,00,-22.5,13.5,-0.8,-22.3,13.8,-0.8
2001,03,05,13,22,00,-22.3,13.5,-0.8,-22.1,13.8,-0.8
2001,03,05,13,23,00,-22.0,13.5,-0.8,-21.8,13.8,-0.8
2001,03,05,13,24,00,-22.8,13.4,-0.8,-22.5,13.8,-0.8
2001,03,05,13,25,00,-22.5,13.4,-0.9,-22.3,13.8,-0.9
2001,03,05,13,26,00,-22.3,13.4,-0.9,-22.0,13.8,-0.9
2001,03,05,13,27,00,-22.0,13.4,-0.9,-21.8,13.7,-0.9
2001,03,05,13,28,00,-21.8,13.4,-0.9,-21.6,13.7,-0.9
2001,03,05,13,29,00,-21.5,13.4,-0.9,-21.3,13.7,-0.9
2001,03,05,13,30,00,-21.3,13.3,-0.9,-21.1,13.7,-0.9
2001,03,05,13,31,00,-20.1,13.3,0.0,-19.9,13.7,0.0
2001,03,05,13,32,00,-19.9,13.3,0.0,-19.7,13.6,0.0
2001,03,05,13,33,00,-20.7,13.3,0.0,-20.5,13.6,0.0
2001,03,05,13,34,00,-20.5,13.3,-0.0,-20.2,13.6,-0.0
2001,03,05,13,35,00,-19.3,13.3,-0.0,-19.0,13.6,-0.0
2001,03,05,13,36,00,-20.1,13.2,-0.1,-19.8,13.6,-0.1
2001,03,05,13,37,00,-19.9,13.2,-0.1,-19.6,13.5,-0.1
2001,03,05,13,38,00,-18.7,13.2,-0.1,-18.5,13.5,-0.1
2001,03,05,13,39,00,-18.5,13.2,-0.1,-18.3,13.5,-0.1
2001,03,05,13,40,00,-17.3,13.2,-0.2,-17.1,13.5,-0.2
2001,03,05,13,41,00,-17.1,13.2,-0.2,-16.9,13.5,-0.2
2001,03,05,13,42,00,-15.9,12.2,-0.2,-15.7,12.4,-0.2
2001,03,05,13,43,00,-15.7,12.2,0.7,-15.6,12.4,0.7
2001,03,05,13,44,00,-15.6,12.1,-0.3,-15.4,12.4,-0.3
2001,03,05,13,45,00,-15.4,12.1,-0.3,-15.2,12.4,-0.3
2001,03,05,13,46,00,-15.2,12.1,0.6,-15.1,12.3,0.6
2001,03,05,13,47,00,-16.1,12.1,0.6,-15.9,12.3,0.6
2001,03,05,13,48,00,-14.9,12.1,0.6,-14.7,12.3,0.6
2001,03,05,13,49,00,-16.8,12.0,0.5,-16.6,12.3,0.5
2001,03,05,13,50,00,-16.6,13.0,0.5,-16.4,13.3,0.5
2001,03,05,13,51,00,-16.5,13.0,0.5,-16.3,13.2,0.5
2001,03,05,13,52,00,-16.3,13.0,1.4,-16.1,13.2,1.4
2001,03,05,13,53,00,-17.2,12.9,1.4,-17.0,13.2,1.4
2001,03,05,13,54,00,-17.0,12.9,1.4,-16.8,13.2,1.4
2001,03,05,13,55,00,-17.9,12.9,1.3,-17.7,13.1,1.3
2001,03,05,13,56,00,-17.8,12.8,1.3,-17.6,13.1,1.3
2001,03,05,13,57,00,-17.6,12.8,2.3,-17.4,13.1,2.3
2001,03,05,13,58,00,-17.5,13.8,2.2,-17.3,14.1,2.2
2001,03,05,13,59,00,-17.4,13.8,2.2,-17.2,14.1,2.2
2001,03,05,14,00,00,-18.2,13.7,2.2,-18.0,14.0,2.2
2001,03,05,14,01,00,-18.1,13.7,2.2,-17.9,14.0,2.2
2001,03,05,14,02,00,-18.0,14.7,2.1,-17.8,15.0,2.1
2001,03,05,14,03,00,-18.9,14.7,3.1,-18.6,15.0,3.1
2001,03,05,14,04,00,-18.8,14.6,3.1,-18.5,14.9,3.1
2001,03,05,14,05,00,-18.6,14.6,3.1,-18.4,14.9,3.1
2001,03,05,14,06,00,-17.5,14.6,3.0,-17.3,14.9,3.0
2001,03,05,14,07,00,-17.4,14.6,3.0,-17.2,14.9,3.0
2001,03,05,14,08,00,-17.3,14.6,3.0,-17.1,14.8,3.0
2001,03,05,14,09,00,-17.2,14.5,2.9,-17.0,14.8,2.9
2001,03,05,14,10,00,-18.1,14.5,2.9,-17.9,14.8,2.9
2001,03,05,14,11,00,-19.0,15.5,2.9,-18.8,15.8,2.9
2001,03,05,14,12,00,-18.9,15.4,2.9,-18.7,15.7,2.9
2001,03,05,14,13,00,-19.8,15.4,2.8,-19.6,15.7,2.8
2001,03,05,14,14,00,-20.7,15.3,2.8,-20.5,15.7,2.8
2001,03,05,14,15,00,-20.6,15.3,2.8,-20.4,15.6,2.8
2001,03,05,14,16,00,-21.6,15.3,2.8,-21.3,15.6,2.8
2001,03,05,14,17,00,-20.5,14.3,2.7,-20.2,14.6,2.7
2001,03,05,14,18,00,-20.4,14.2,2.7,-20.1,14.6,2.7
2001,03,05,14,19,00,-21.3,14.2,2.7,-21.0,14.5,2.7
2001,03,05,14,20,00,-21.2,14.2,2.7,-21.0,14.5,2.7
2001,03,05,14,21,00,-21.1,14.2,2.6,-20.9,14.5,2.6
2001,03,05,14,22,00,-21.0,14.1,2.6,-20.8,14.5,2.6
2001,03,05,14,23,00,-19.9,14.1,2.6,-19.7,14.4,2.6
2001,03,05,14,24,00,-20.9,14.1,2.6,-20.6,14.4,2.6
2001,03,05,14,25,00,-20.8,14.1,2.6,-20.5,14.4,2.6
2001,03,05,14,26,00,-20.7,15.0,2.6,-20.5,15.4,2.6
2001,03,05,14,27,00,-20.6,15.0,2.5,-20.4,15.3,2.5
2001,03,05,14,28,00,-20.5,15.0,2.5,-20.3,15.3,2.5
2001,03,05,14,29,00,-20.4,15.0,2.5,-20.2,15.3,2.5
2001,03,05,14,30,00,-20.4,15.0,1.5,-20.1,15.3,1.5
2001,03,05,14,31,00,-20.3,15.0,2.5,-20.0,15.3,2.5
2001,03,05,14,32,00,-20.2,15.0,1.5,-19.9,15.3,1.5
2001,03,05,14,33,00,-20.1,14.9,1.5,-19.9,15.3,1.5
2001,03,05,14,34,00,-20.0,13.9,1.5,-19.8,14.3,1.5
2001,03,05,14,35,00,-20.9,14.9,1.5,-20.7,15.2,1.5
2001,03,05,14,36,00,-20.8,14.9,1.5,-20.6,15.2,1.5
2001,03,05,14,37,00,-21.8,14.9,2.5,-21.5,15.2,2.5
2001,03,05,14,38,00,-21.7,14.9,2.5,-21.4,15.2,2.5
2001,03,05,14,39,00,-21.6,14.9,2.5,-21.4,15.2,2.5
2001,03,05,14,40,00,-21.5,14.9,2.5,-21.3,15.2,2.5
2001,03,05,14,41,00,-21.5,14.8,2.5,-21.2,15.2,2.5
2001,03,05,14,42,00,-21.4,14.8,2.5,-21.1,15.2,2.5
2001,03,05,14,43,00,-20.3,14.9,2.5,-20.1,15.2,2.5
2001,03,05,14,44,00,-20.2,14.9,2.5,-20.0,15.2,2.5
2001,03,05,14,45,00,-20.2,14.8,2.5,-19.9,15.2,2.5
2001,03,05,14,46,00,-20.1,14.8,2.5,-19.8,15.2,2.5
2001,03,05,14,47,00,-20.0,14.8,2.5,-19.8,15.2,2.5
2001,03,05,14,48,00,-19.9,14.8,2.5,-19.7,15.2,2.5
2001,03,05,14,49,00,-19.8,14.8,2.5,-19.6,15.2,2.5
2001,03,05,14,50,00,-19.8,14.9,2.5,-19.5,15.2,2.5
2001,03,05,14,51,00,-20.7,14.8,2.5,-20.5,15.2,2.5
2001,03,05,14,52,00,-20.6,14.8,2.5,-20.4,15.2,2.5
2001,03,05,14,53,00,-20.5,14.8,2.5,-20.3,15.2,2.5
2001,03,05,14,54,00,-20.4,13.9,2.5,-20.2,14.2,2.5
2001,03,05,14,55,00,-20.3,13.9,2.5,-20.1,14.2,2.5
2001,03,05,14,56,00,-21.3,14.9,2.5,-21.0,15.2,2.5
2001,03,05,14,57,00,-22.2,14.9,2.6,-21.9,15.2,2.6
2001,03,05,14,58,00,-22.1,14.9,2.6,-21.9,15.2,2.6
2001,03,05,14,59,00,-23.0,14.9,3.6,-22.8,15.2,3.6
2001,03,05,15,00,00,-22.9,14.9,2.6,-22.7,15.2,2.6
2001,03,05,15,01,00,-23.8,14.9,3.6,-23.6,15.3,3.6
2001,03,05,15,02,00,-23.7,14.9,3.6,-23.5,15.3,3.6
2001,03,05,15,03,00,-23.6,14.9,3.6,-23.4,15.3,3.6
2001,03,05,15,04,00,-22.5,14.0,3.7,-22.3,14.3,3.7
2001,03,05,15,05,00,-22.4,14.0,2.7,-22.2,14.3,2.7
2001,03,05,15,06,00,-21.3,14.0,2.7,-21.1,14.3,2.7
2001,03,05,15,07,00,-21.2,14.0,2.7,-20.9,14.4,2.7
2001,03,05,15,08,00,-22.1,14.0,2.7,-21.8,14.4,2.7
2001,03,05,15,09,00,-23.0,14.1,2.8,-22.7,14.4,2.8
2001,03,05,15,10,00,-23.9,14.1,2.8,-23.6,14.4,2.8
2001,03,05,15,11,00,-23.7,14.1,2.8,-23.5,14.5,2.8
2001,03,05,15,12,00,-22.6,14.1,2.8,-22.4,14.5,2.8
2001,03,05,15,13,00,-23.5,14.1,2.9,-23.3,14.5,2.9
2001,03,05,15,14,00,-23.4,14.2,1.9,-23.2,14.6,1.9
2001,03,05,15,15,00,-24.3,14.2,2.9,-24.1,14.6,2.9
2001,03,05,15,16,00,-24.2,14.2,2.9,-24.0,14.6,2.9
2001,03,05,15,17,00,-24.1,14.3,2.0,-23.8,14.6,2.0
2001,03,05,15,18,00,-24.0,14.3,2.0,-23.7,14.7,2.0
2001,03,05,15,19,00,-23.8,14.3,2.0,-23.6,14.7,2.0
2001,03,05,15,20,00,-23.7,13.4,2.0,-23.5,13.7,2.0
2001,03,05,15,21,00,-22.6,13.4,2.1,-22.4,13.8,2.1
2001,03,05,15,22,00,-23.5,13.5,1.1,-23.3,13.8,1.1
2001,03,05,15,23,00,-23.4,13.5,1.1,-23.1,13.9,1.1
2001,03,05,15,24,00,-23.2,13.5,1.2,-23.0,13.9,1.2
2001,03,05,15,25,00,-23.1,13.6,1.2,-22.9,13.9,1.2
2001,03,05,15,26,00,-24.0,13.6,1.2,-23.8,14.0,1.2
2001,03,05,15,27,00,-23.9,13.6,1.2,-23.7,14.0,1.2
2001,03,05,15,28,00,-24.7,13.7,0.3,-24.5,14.1,0.3
2001,03,05,15,29,00,-24.6,13.7,0.3,-24.4,14.1,0.3
2001,03,05,15,30,00,-24.5,13.8,0.3,-24.3,14.2,0.3
2001,03,05,15,31,00,-24.4,13.8,0.4,-24.2,14.2,0.4
2001,03,05,15,32,00,-24.3,13.9,0.4,-24.0,14.3,0.4
2001,03,05,15,33,00,-24.1,13.9,0.4,-23.9,14.3,0.4
2001,03,05,15,34,00,-21.0,15.0,2.4,-20.8,15.4,2.4
2001,03,05,15,35,00,-20.9,15.1,1.5,-20.6,15.4,1.5
2001,03,05,15,36,00,-20.7,14.1,1.5,-20.5,14.5,1.5
2001,03,05,15,37,00,-20.6,14.2,1.5,-20.4,14.5,1.5
2001,03,05,15,38,00,-19.5,14.3,1.6,-19.3,14.6,1.6
2001,03,05,15,39,00,-19.3,14.3,1.6,-19.1,14.6,1.6
2001,03,05,15,40,00,-20.2,13.4,0.6,-20.0,13.7,0.6
2001,03,05,15,41,00,-21.1,13.4,-0.3,-20.9,13.7,-0.3
2001,03,05,15,42,00,-21.9,12.5,-1.3,-21.7,12.8,-1.3
2001,03,05,15,43,00,-21.8,12.5,-1.3,-21.6,12.9,-1.3
2001,03,05,15,44,00,-21.6,12.6,-1.2,-21.4,12.9,-1.2
2001,03,05,15,45,00,-21.5,12.7,-2.2,-21.3,13.0,-2.2
2001,03,05,15,46,00,-20.4,11.7,-2.2,-20.2,12.1,-2.2
2001,03,05,15,47,00,-21.2,11.8,-2.1,-21.0,12.1,-2.1
2001,03,05,15,48,00,-21.1,11.9,-2.1,-20.9,12.2,-2.1
2001,03,05,15,49,00,-20.9,11.9,-2.1,-20.8,12.3,-2.1
2001,03,05,15,50,00,-20.8,12.0,-2.0,-20.6,12.3,-2.0
2001,03,05,15,51,00,-19.7,11.1,-2.0,-19.5,11.4,-2.0
2001,03,05,15,52,00,-19.5,11.1,-2.0,-19.3,11.4,-2.0
2001,03,05,15,53,00,-18.4,10.2,-2.9,-18.2,10.5,-2.9
2001,03,05,15,54,00,-18.2,9.3,-2.9,-18.1,9.6,-2.9
2001,03,05,15,55,00,-18.1,9.4,-2.8,-17.9,9.6,-2.8
2001,03,05,15,56,00,-18.9,8.4,-2.8,-18.8,8.7,-2.8
2001,03,05,15,57,00,-18.8,8.5,-2.8,-18.7,8.8,-2.8
2001,03,05,15,58,00,-19.7,8.5,-2.7,-19.5,8.8,-2.7
2001,03,05,15,59,00,-19.5,7.6,-2.7,-19.4,7.9,-2.7
2001,03,05,16,00,00,-18.4,7.7,-2.7,-18.2,8.0,-2.7
2001,03,05,16,01,00,-18.2,7.7,-2.6,-18.1,8.0,-2.6
2001,03,05,16,02,00,-18.1,6.8,-2.6,-18.0,7.1,-2.6
2001,03,05,16,03,00,-19.0,6.9,-2.6,-18.8,7.2,-2.6
2001,03,05,16,04,00,-18.8,6.9,-2.5,-18.7,7.2,-2.5
2001,03,05,16,05,00,-18.7,7.0,-2.5,-18.6,7.3,-2.5
2001,03,05,16,06,00,-18.5,7.0,-2.5,-18.4,7.3,-2.5
2001,03,05,16,07,00,-18.4,7.1,-2.4,-18.3,7.4,-2.4
2001,03,05,16,08,00,-18.3,7.2,-2.4,-18.2,7.5,-2.4
2001,03,05,16,09,00,-18.1,6.3,-2.4,-18.0,6.5,-2.4
2001,03,05,16,10,00,-18.0,6.3,-2.3,-17.9,6.6,-2.3
2001,03,05,16,11,00,-17.8,6.4,-2.3,-17.7,6.7,-2.3
2001,03,05,16,12,00,-17.7,5.5,-2.3,-17.6,5.7,-2.3
2001,03,05,16,13,00,-17.6,5.5,-2.2,-17.5,5.8,-2.2
2001,03,05,16,14,00,-17.4,5.6,-3.2,-17.3,5.9,-3.2
2001,03,05,16,15,00,-17.3,4.7,-2.2,-17.2,5.0,-2.2
2001,03,05,16,16,00,-15.1,4.8,-2.1,-15.1,5.0,-2.1
2001,03,05,16,17,00,-13.0,3.9,-3.1,-12.9,4.1,-3.1
2001,03,05,16,18,00,-11.9,4.0,-3.0,-11.8,4.2,-3.0
2001,03,05,16,19,00,-11.7,3.0,-4.0,-11.7,3.2,-4.0
2001,03,05,16,20,00,-10.6,3.1,-4.0,-10.5,3.3,-4.0
2001,03,05,16,21,00,-10.4,3.2,-3.9,-10.4,3.4,-3.9
2001,03,05,16,22,00,-11.3,3.2,-3.9,-11.3,3.4,-3.9
2001,03,05,16,23,00,-11.2,3.3,-3.9,-11.1,3.5,-3.9
2001,03,05,16,24,00,-11.0,3.4,-3.8,-11.0,3.6,-3.8
2001,03,05,16,25,00,-11.9,3.4,-3.8,-11.9,3.6,-3.8
2001,03,05,16,26,00,-11.8,3.5,-3.8,-11.7,3.7,-3.8
2001,03,05,16,27,00,-10.7,3.6,-3.7,-10.6,3.7,-3.7
2001,03,05,16,28,00,-10.5,3.6,-3.7,-10.5,3.8,-3.7
2001,03,05,16,29,00,-9.4,2.7,-3.7,-9.4,2.9,-3.7
2001,03,05,16,30,00,-9.3,2.8,-4.6,-9.2,2.9,-4.6
2001,03,05,16,31,00,-9.2,2.8,-4.6,-9.1,3.0,-4.6
2001,03,05,16,32,00,-9.0,1.9,-4.6,-9.0,2.0,-4.6
2001,03,05,16,33,00,-8.9,2.0,-4.6,-8.9,2.1,-4.6
2001,03,05,16,34,00,-8.8,2.0,-4.5,-8.8,2.1,-4.5
2001,03,05,16,35,00,-8.7,2.1,-4.5,-8.6,2.2,-4.5
2001,03,05,16,36,00,-8.6,2.1,-4.5,-8.5,2.3,-4.5
2001,03,05,16,37,00,-8.4,2.2,-4.4,-8.4,2.3,-4.4
2001,03,05,16,38,00,-8.3,2.2,-4.4,-8.3,2.4,-4.4
2001,03,05,16,39,00,-9.2,1.3,-4.4,-9.2,1.4,-4.4
2001,03,05,16,40,00,-9.1,1.3,-4.3,-9.1,1.5,-4.3
2001,03,05,16,41,00,-8.0,1.4,-4.3,-8.0,1.5,-4.3
2001,03,05,16,42,00,-9.9,1.4,-5.3,-9.8,1.6,-5.3
2001,03,05,16,43,00,-10.8,1.5,-4.2,-10.7,1.6,-4.2
2001,03,05,16,44,00,-11.6,1.5,-4.2,-11.6,1.7,-4.2
2001,03,05,16,45,00,-10.5,1.6,-4.2,-10.5,1.8,-4.2
2001,03,05,16,46,00,-9.4,1.7,-4.2,-9.4,1.8,-4.2
2001,03,05,16,47,00,-9.3,1.7,-4.1,-9.3,1.9,-4.1
2001,03,05,16,48,00,-9.2,1.8,-4.1,-9.2,1.9,-4.1
2001,03,05,16,49,00,-8.1,0.8,-4.1,-8.1,1.0,-4.1
2001,03,05,16,50,00,-8.0,1.9,-4.0,-8.0,2.0,-4.0
2001,03,05,16,51,00,-7.9,0.9,-4.0,-7.9,1.1,-4.0
2001,03,05,16,52,00,-7.8,2.0,-4.0,-7.8,2.1,-4.0
2001,03,05,16,53,00,-8.7,2.0,-4.0,-8.7,2.1,-4.0
2001,03,05,16,54,00,-9.6,2.0,-3.9,-9.6,2.2,-3.9
2001,03,05,16,55,00,-10.5,2.1,-3.9,-10.5,2.2,-3.9
2001,03,05,16,56,00,-11.4,2.1,-3.9,-11.4,2.3,-3.9
2001,03,05,16,57,00,-12.3,2.1,-3.9,-12.3,2.3,-3.9
2001,03,05,16,58,00,-13.2,2.2,-3.8,-13.2,2.4,-3.8
2001,03,05,16,59,00,-14.1,2.2,-3.8,-14.1,2.4,-3.8
2001,03,05,17,00,00,-14.0,2.2,-3.8,-14.0,2.4,-3.8
2001,03,05,17,01,00,-13.9,2.3,-3.8,-13.9,2.5,-3.8
2001,03,05,17,02,00,-14.8,2.3,-3.7,-14.8,2.5,-3.7
2001,03,05,17,03,00,-14.7,2.3,-3.7,-14.7,2.6,-3.7
2001,03,05,17,04,00,-14.6,1.4,-3.7,-14.6,1.6,-3.7
2001,03,05,17,05,00,-14.5,1.4,-3.7,-14.5,1.6,-3.7
2001,03,05,17,06,00,-15.4,1.4,-3.6,-15.4,1.7,-3.6
2001,03,05,17,07,00,-15.3,1.5,-3.6,-15.3,1.7,-3.6
2001,03,05,17,08,00,-15.3,1.5,-3.6,-15.2,1.7,-3.6
2001,03,05,17,09,00,-15.2,2.5,-2.6,-15.1,2.8,-2.6
2001,03,05,17,10,00,-15.1,2.5,-2.5,-15.1,2.8,-2.5
2001,03,05,17,11,00,-16.0,2.6,-3.5,-16.0,2.8,-3.5
2001,03,05,17,12,00,-15.9,2.6,-2.5,-15.9,2.8,-2.5
2001,03,05,17,13,00,-15.8,2.6,-2.5,-15.8,2.9,-2.5
2001,03,05,17,14,00,-15.7,1.7,-2.4,-15.7,1.9,-2.4
2001,03,05,17,15,00,-15.7,1.7,-2.4,-15.6,1.9,-2.4
2001,03,05,17,16,00,-16.6,1.7,-2.4,-16.5,2.0,-2.4
2001,03,05,17,17,00,-15.5,1.7,-2.4,-15.5,2.0,-2.4
2001,03,05,17,18,00,-15.4,1.8,-2.3,-15.4,2.0,-2.3
2001,03,05,17,19,00,-15.3,1.8,-2.3,-15.3,2.0,-2.3
2001,03,05,17,20,00,-16.3,1.8,-2.3,-16.2,2.0,-2.3
2001,03,05,17,21,00,-16.2,1.8,-2.3,-16.1,2.1,-2.3
2001,03,05,17,22,00,-16.1,1.8,-2.3,-16.1,2.1,-2.3
2001,03,05,17,23,00,-16.0,1.9,-2.2,-16.0,2.1,-2.2
2001,03,05,17,24,00,-15.9,1.9,-2.2,-15.9,2.1,-2.2
2001,03,05,17,25,00,-15.9,1.9,-2.2,-15.8,2.2,-2.2
2001,03,05,17,26,00,-15.8,1.9,-2.2,-15.7,2.2,-2.2
2001,03,05,17,27,00,-15.7,2.9,-2.2,-15.7,3.2,-2.2
2001,03,05,17,28,00,-15.6,3.0,-2.1,-15.6,3.2,-2.1
2001,03,05,17,29,00,-15.6,3.0,-2.1,-15.5,3.2,-2.1
2001,03,05,17,30,00,-15.5,3.0,-2.1,-15.4,3.2,-2.1
2001,03,05,17,31,00,-15.4,3.0,-2.1,-15.4,3.3,-2.1
2001,03,05,17,32,00,-15.3,3.0,-2.1,-15.3,3.3,-2.1
2001,03,05,17,33,00,-16.3,3.0,-2.0,-16.2,3.3,-2.0
2001,03,05,17,34,00,-16.2,3.0,-2.0,-16.2,3.3,-2.0
2001,03,05,17,35,00,-17.1,3.0,-2.0,-17.1,3.3,-2.0
2001,03,05,17,36,00,-17.1,3.0,-2.0,-17.0,3.3,-2.0
2001,03,05,17,37,00,-18.0,3.0,-2.0,-17.9,3.3,-2.0
2001,03,05,17,38,00,-17.9,3.0,-1.9,-17.9,3.3,-1.9
2001,03,05,17,39,00,-17.9,3.1,-1.9,-17.8,3.3,-1.9
2001,03,05,17,40,00,-16.8,3.1,-1.9,-16.7,3.3,-1.9
2001,03,05,17,41,00,-16.7,2.1,-1.9,-16.7,2.4,-1.9
2001,03,05,17,42,00,-16.6,2.1,-1.9,-16.6,2.4,-1.9
2001,03,05,17,43,00,-16.6,2.1,-1.8,-16.5,2.4,-1.8
2001,03,05,17,44,00,-16.5,2.1,-1.8,-16.5,2.4,-1.8
2001,03,05,17,45,00,-17.4,2.1,-1.8,-17.4,2.4,-1.8
2001,03,05,17,46,00,-17.4,3.1,-1.8,-17.3,3.4,-1.8
2001,03,05,17,47,00,-17.3,3.1,-1.8,-17.3,3.4,-1.8
2001,03,05,17,48,00,-17.3,3.1,-1.8,-17.2,3.4,-1.8
2001,03,05,17,49,00,-18.2,3.1,-1.7,-18.2,3.4,-1.7
2001,03,05,17,50,00,-18.1,3.1,-1.7,-18.1,3.4,-1.7
2001,03,05,17,51,00,-18.1,3.1,-1.7,-18.0,3.4,-1.7
2001,03,05,17,52,00,-18.0,3.1,-1.7,-18.0,3.4,-1.7
2001,03,05,17,53,00,-19.0,3.1,-1.7,-18.9,3.4,-1.7
2001,03,05,17,54,00,-18.9,3.1,-1.7,-18.8,3.4,-1.7
2001,03,05,17,55,00,-18.8,3.1,-1.6,-18.8,3.4,-1.6
2001,03,05,17,56,00,-18.8,4.1,-1.6,-18.7,4.4,-1.6
2001,03,05,17,57,00,-18.7,4.1,-1.6,-18.7,4.4,-1.6
2001,03,05,17,58,00,-18.6,3.1,-1.6,-18.6,3.4,-1.6
2001,03,05,17,59,00,-17.6,3.1,-1.6,-17.5,3.4,-1.6
2001,03,05,18,00,00,-17.5,3.1,-1.6,-17.5,3.4,-1.6
2001,03,05,18,01,00,-16.5,3.1,-1.6,-16.4,3.4,-1.6
2001,03,05,18,02,00,-16.4,3.1,-1.5,-16.4,3.4,-1.5
2001,03,05,18,03,00,-16.3,3.1,-1.5,-16.3,3.4,-1.5
2001,03,05,18,04,00,-16.3,3.1,-1.5,-16.2,3.4,-1.5
2001,03,05,18,05,00,-16.2,3.1,-1.5,-16.2,3.4,-1.5
2001,03,05,18,06,00,-16.2,2.1,-1.5,-16.1,2.4,-1.5
2001,03,05,18,07,00,-16.1,2.1,-1.5,-16.1,2.4,-1.5
2001,03,05,18,08,00,-16.0,2.1,-1.4,-16.0,2.4,-1.4
2001,03,05,18,09,00,-16.0,2.1,-1.4,-15.9,2.4,-1.4
2001,03,05,18,10,00,-15.9,2.1,-2.4,-15.9,2.4,-2.4
2001,03,05,18,11,00,-15.9,2.1,-2.4,-15.8,2.3,-2.4
2001,03,05,18,12,00,-15.8,2.1,-1.4,-15.8,2.3,-1.4
2001,03,05,18,13,00,-15.8,2.1,-1.4,-15.7,2.3,-1.4
2001,03,05,18,14,00,-15.7,2.1,-1.4,-15.7,2.3,-1.4
2001,03,05,18,15,00,-15.6,2.1,-1.4,-15.6,2.3,-1.4
2001,03,05,18,16,00,-15.6,2.1,-1.3,-15.5,2.3,-1.3
2001,03,05,18,17,00,-15.5,2.1,-1.3,-15.5,2.3,-1.3
2001,03,05,18,18,00,-16.5,2.0,-1.3,-16.4,2.3,-1.3
2001,03,05,18,19,00,-16.4,3.0,-1.3,-16.4,3.3,-1.3
2001,03,05,18,20,00,-16.4,3.0,-1.3,-16.3,3.3,-1.3
2001,03,05,18,21,00,-16.3,3.0,-1.3,-16.3,3.3,-1.3
2001,03,05,18,22,00,-16.3,2.0,-1.3,-16.2,2.3,-1.3
2001,03,05,18,23,00,-17.2,3.0,-1.2,-17.2,3.3,-1.2
2001,03,05,18,24,00,-17.2,3.0,-1.2,-17.1,3.3,-1.2
2001,03,05,18,25,00,-17.1,3.0,-1.2,-17.1,3.2,-1.2
2001,03,05,18,26,00,-17.1,3.0,-1.2,-17.0,3.2,-1.2
2001,03,05,18,27,00,-17.0,3.0,-1.2,-17.0,3.2,-1.2
2001,03,05,18,28,00,-16.0,3.0,-1.2,-15.9,3.2,-1.2
2001,03,05,18,29,00,-15.9,3.0,-1.2,-15.9,3.2,-1.2
2001,03,05,18,30,00,-15.9,3.0,-1.2,-15.8,3.2,-1.2
2001,03,05,18,31,00,-14.8,3.0,-1.2,-14.8,3.2,-1.2
2001,03,05,18,32,00,-14.8,3.0,-1.1,-14.7,3.2,-1.1
2001,03,05,18,33,00,-14.7,3.0,-1.1,-14.7,3.2,-1.1
2001,03,05,18,34,00,-14.7,3.0,-1.1,-14.6,3.2,-1.1
2001,03,05,18,35,00,-14.6,3.0,-1.1,-14.6,3.2,-1.1
2001,03,05,18,36,00,-14.6,3.0,-1.1,-14.5,3.2,-1.1
2001,03,05,18,37,00,-14.5,3.0,-1.1,-14.5,3.2,-1.1
2001,03,05,18,38,00,-14.5,3.0,-1.1,-14.4,3.2,-1.1
2001,03,05,18,39,00,-14.4,2.9,-1.1,-14.4,3.2,-1.1
2001,03,05,18,40,00,-14.4,2.9,-1.1,-14.3,3.2,-1.1
2001,03,05,18,41,00,-13.3,3.0,-1.0,-13.3,3.2,-1.0
2001,03,05,18,42,00,-13.3,3.0,-1.0,-13.2,3.2,-1.0
2001,03,05,18,43,00,-13.2,2.9,-1.0,-13.2,3.2,-1.0
2001,03,05,18,44,00,-13.2,2.9,-1.0,-13.1,3.2,-1.0
2001,03,05,18,45,00,-13.1,2.9,-1.0,-13.1,3.1,-1.0
2001,03,05,18,46,00,-14.1,2.9,-1.0,-14.0,3.1,-1.0
2001,03,05,18,47,00,-14.0,2.9,-1.0,-14.0,3.1,-1.0
2001,03,05,18,48,00,-15.0,2.9,-1.0,-15.0,3.1,-1.0
2001,03,05,18,49,00,-15.0,2.9,-1.0,-14.9,3.1,-1.0
2001,03,05,18,50,00,-14.9,3.9,-1.0,-14.9,4.1,-1.0
2001,03,05,18,51,00,-14.9,3.9,-0.9,-14.8,4.1,-0.9
2001,03,05,18,52,00,-15.8,3.9,-0.9,-15.8,4.1,-0.9
2001,03,05,18,53,00,-15.8,3.9,-0.9,-15.7,4.1,-0.9
2001,03,05,18,54,00,-14.8,3.9,-0.9,-14.7,4.1,-0.9
2001,03,05,18,55,00,-14.7,3.9,-0.9,-14.6,4.1,-0.9
2001,03,05,18,56,00,-14.7,2.9,-0.9,-14.6,3.1,-0.9
2001,03,05,18,57,00,-14.6,3.9,-0.9,-14.6,4.1,-0.9
2001,03,05,18,58,00,-14.6,3.9,-0.9,-14.5,4.1,-0.9
2001,03,05,18,59,00,-14.5,3.9,-0.9,-14.5,4.1,-0.9
2001,03,05,19,00,00,-14.5,3.9,-0.9,-14.4,4.1,-0.9
2001,03,05,19,01,00,-14.5,3.9,-0.9,-14.4,4.1,-0.9
2001,03,05,19,02,00,-14.4,2.9,-0.9,-14.4,3.1,-0.9
2001,03,05,19,03,00,-14.4,2.9,-0.9,-14.3,3.1,-0.9
2001,03,05,19,04,00,-15.3,2.9,-0.8,-15.3,3.1,-0.8
2001,03,05,19,05,00,-15.3,2.9,-0.8,-15.3,3.2,-0.8
2001,03,05,19,06,00,-15.3,2.9,-0.8,-15.2,3.2,-0.8
2001,03,05,19,07,00,-15.2,2.9,-0.8,-15.2,3.2,-0.8
2001,03,05,19,08,00,-15.2,3.9,-0.8,-15.1,4.2,-0.8
2001,03,05,19,09,00,-17.2,3.9,-0.8,-17.1,4.2,-0.8
2001,03,05,19,10,00,-17.1,3.9,-0.8,-17.1,4.2,-0.8
2001,03,05,19,11,00,-17.1,3.9,-0.8,-17.0,4.2,-0.8
2001,03,05,19,12,00,-17.1,3.9,-0.8,-17.0,4.2,-0.8
2001,03,05,19,13,00,-17.0,3.9,-0.8,-17.0,4.2,-0.8
2001,03,05,19,14,00,-17.0,3.9,-0.8,-16.9,4.2,-0.8
2001,03,05,19,15,00,-17.0,4.0,-0.8,-16.9,4.2,-0.8
2001,03,05,19,16,00,-16.9,4.0,-0.8,-16.9,4.2,-0.8
2001,03,05,19,17,00,-16.9,3.0,-0.8,-16.8,3.2,-0.8
2001,03,05,19,18,00,-15.8,3.0,-0.8,-15.8,3.3,-0.8
2001,03,05,19,19,00,-15.8,3.0,-0.8,-15.8,3.3,-0.8
2001,03,05,19,20,00,-15.8,3.0,-0.8,-15.7,3.3,-0.8
2001,03,05,19,21,00,-15.7,3.0,-0.8,-15.7,3.3,-0.8
2001,03,05,19,22,00,-15.7,3.0,-0.8,-15.7,3.3,-0.8
2001,03,05,19,23,00,-15.7,3.0,-0.8,-15.6,3.3,-0.8
2001,03,05,19,24,00,-16.7,3.0,-1.7,-16.6,3.3,-1.7
2001,03,05,19,25,00,-17.6,3.0,-0.7,-17.6,3.3,-0.7
2001,03,05,19,26,00,-17.6,3.0,-0.7,-17.5,3.3,-0.7
2001,03,05,19,27,00,-18.6,4.0,-0.7,-18.5,4.3,-0.7
2001,03,05,19,28,00,-18.5,4.1,-0.7,-18.5,4.3,-0.7
2001,03,05,19,29,00,-17.5,3.1,-0.7,-17.5,3.4,-0.7
2001,03,05,19,30,00,-16.5,3.1,-0.7,-16.4,3.4,-0.7
2001,03,05,19,31,00,-15.5,3.2,-0.7,-15.4,3.4,-0.7
2001,03,05,19,32,00,-15.4,3.2,-0.7,-15.4,3.4,-0.7
2001,03,05,19,33,00,-15.4,3.2,-0.7,-15.3,3.4,-0.7
2001,03,05,19,34,00,-15.4,3.2,-0.7,-15.3,3.5,-0.7
2001,03,05,19,35,00,-15.3,3.2,-0.7,-15.3,3.5,-0.7
2001,03,05,19,36,00,-15.3,3.2,-0.7,-15.3,3.5,-0.7
2001,03,05,19,37,00,-15.3,3.3,-0.7,-15.2,3.5,-0.7
2001,03,05,19,38,00,-15.3,3.3,-0.7,-15.2,3.5,-0.7
2001,03,05,19,39,00,-15.3,3.3,-0.7,-15.2,3.6,-0.7
2001,03,05,19,40,00,-15.2,3.3,-0.7,-15.2,3.6,-0.7
2001,03,05,19,41,00,-15.2,3.4,-0.7,-15.1,3.6,-0.7
2001,03,05,19,42,00,-14.2,3.4,-0.7,-14.1,3.6,-0.7
2001,03,05,19,43,00,-15.2,3.4,-1.7,-15.1,3.6,-1.7
2001,03,05,19,44,00,-15.1,3.4,-1.7,-15.1,3.7,-1.7
2001,03,05,19,45,00,-15.1,3.4,-1.7,-15.1,3.7,-1.7
2001,03,05,19,46,00,-16.1,3.5,-1.7,-16.0,3.7,-1.7
2001,03,05,19,47,00,-16.1,3.5,-1.7,-16.0,3.7,-1.7
2001,03,05,19,48,00,-17.1,4.5,-1.7,-17.0,4.8,-1.7
2001,03,05,19,49,00,-17.1,4.5,-1.7,-17.0,4.8,-1.7
2001,03,05,19,50,00,-17.0,3.5,-1.7,-17.0,3.8,-1.7
2001,03,05,19,51,00,-17.0,3.6,-1.7,-16.9,3.8,-1.7
2001,03,05,19,52,00,-17.0,3.6,-1.7,-16.9,3.9,-1.7
2001,03,05,19,53,00,-17.0,3.6,-1.7,-16.9,3.9,-1.7
2001,03,05,19,54,00,-16.9,3.6,-1.7,-16.9,3.9,-1.7
2001,03,05,19,55,00,-16.9,3.7,-1.7,-16.9,3.9,-1.7
2001,03,05,19,56,00,-16.9,3.7,-1.7,-16.9,4.0,-1.7
2001,03,05,19,57,00,-16.9,3.7,-1.7,-16.8,4.0,-1.7
2001,03,05,19,58,00,-17.9,3.7,-1.7,-17.8,4.0,-1.7
2001,03,05,19,59,00,-17.9,3.8,-1.7,-17.8,4.0,-1.7
2001,03,05,20,00,00,-16.9,3.8,-1.7,-16.8,4.1,-1.7
2001,03,05,20,01,00,-16.8,3.8,-1.7,-16.8,4.1,-1.7
2001,03,05,20,02,00,-16.8,3.9,-1.7,-16.8,4.1,-1.7
2001,03,05,20,03,00,-16.8,3.9,-1.7,-16.7,4.1,-1.7
2001,03,05,20,04,00,-17.8,3.9,-1.7,-17.7,4.2,-1.7
2001,03,05,20,05,00,-17.8,3.9,-1.8,-17.7,4.2,-1.8
2001,03,05,20,06,00,-18.8,3.9,-1.8,-18.7,4.2,-1.8
2001,03,05,20,07,00,-19.8,3.9,-1.8,-19.7,4.3,-1.8
2001,03,05,20,08,00,-18.7,4.0,-1.8,-18.7,4.3,-1.8
2001,03,05,20,09,00,-17.7,4.0,-0.8,-17.7,4.3,-0.8
2001,03,05,20,10,00,-16.7,4.1,-1.8,-16.6,4.3,-1.8
2001,03,05,20,11,00,-16.7,4.1,-1.8,-16.6,4.4,-1.8
2001,03,05,20,12,00,-15.7,3.2,-1.8,-15.6,3.4,-1.8
2001,03,05,20,13,00,-15.7,3.2,-1.8,-15.6,3.4,-1.8
2001,03,05,20,14,00,-14.7,3.2,-1.8,-14.6,3.5,-1.8
2001,03,05,20,15,00,-15.7,4.2,-1.8,-15.6,4.5,-1.8
2001,03,05,20,16,00,-15.7,4.3,-1.8,-15.6,4.5,-1.8
2001,03,05,20,17,00,-15.6,4.3,-1.8,-15.6,4.6,-1.8
2001,03,05,20,18,00,-16.6,4.3,-1.8,-16.6,4.6,-1.8
2001,03,05,20,19,00,-16.6,4.3,-1.8,-16.6,4.6,-1.8
2001,03,05,20,20,00,-16.6,4.4,-1.8,-16.5,4.6,-1.8
2001,03,05,20,21,00,-16.6,4.4,-0.8,-16.5,4.7,-0.8
2001,03,05,20,22,00,-16.6,4.4,-0.8,-16.5,4.7,-0.8
2001,03,05,20,23,00,-16.6,5.5,-0.8,-16.5,5.7,-0.8
2001,03,05,20,24,00,-16.6,5.5,-0.8,-16.5,5.8,-0.8
2001,03,05,20,25,00,-17.6,5.5,-0.9,-17.5,5.8,-0.9
2001,03,05,20,26,00,-17.6,5.5,-0.9,-17.5,5.8,-0.9
2001,03,05,20,27,00,-18.6,5.6,-0.9,-18.5,5.8,-0.9
2001,03,05,20,28,00,-18.6,5.6,-0.9,-18.5,5.9,-0.9
2001,03,05,20,29,00,-18.6,5.6,-0.9,-18.5,5.9,-0.9
2001,03,05,20,30,00,-18.6,5.6,-0.9,-18.5,5.9,-0.9
2001,03,05,20,31,00,-18.6,5.7,-0.9,-18.5,6.0,-0.9
2001,03,05,20,32,00,-17.6,5.7,-0.9,-17.5,6.0,-0.9
2001,03,05,20,33,00,-17.6,5.7,-0.9,-17.5,6.0,-0.9
2001,03,05,20,34,00,-17.6,5.8,-1.9,-17.5,6.0,-1.9
2001,03,05,20,35,00,-18.5,5.8,-1.9,-18.5,6.1,-1.9
2001,03,05,20,36,00,-18.5,5.8,-1.9,-18.5,6.1,-1.9
2001,03,05,20,37,00,-18.5,5.8,-1.9,-18.4,6.1,-1.9
2001,03,05,20,38,00,-18.5,5.9,-1.9,-18.4,6.1,-1.9
2001,03,05,20,39,00,-19.5,5.9,-1.9,-19.4,6.2,-1.9
2001,03,05,20,40,00,-19.5,5.9,-1.9,-19.4,6.2,-1.9
2001,03,05,20,41,00,-20.5,5.9,-1.9,-20.4,6.2,-1.9
2001,03,05,20,42,00,-20.5,5.9,-1.9,-20.4,6.2,-1.9
2001,03,05,20,43,00,-21.5,5.9,-1.0,-21.4,6.3,-1.0
2001,03,05,20,44,00,-21.5,6.0,-2.0,-21.4,6.3,-2.0
2001,03,05,20,45,00,-21.5,5.0,-1.0,-21.4,5.3,-1.0
2001,03,05,20,46,00,-20.5,5.0,-1.0,-20.4,5.4,-1.0
2001,03,05,20,47,00,-19.5,5.1,-1.0,-19.4,5.4,-1.0
2001,03,05,20,48,00,-18.5,5.1,-2.0,-18.4,5.4,-2.0
2001,03,05,20,49,00,-18.5,5.1,-2.0,-18.4,5.4,-2.0
2001,03,05,20,50,00,-18.5,5.2,-2.0,-18.4,5.5,-2.0
2001,03,05,20,51,00,-18.5,5.2,-2.0,-18.4,5.5,-2.0
2001,03,05,20,52,00,-19.5,5.2,-2.0,-19.4,5.5,-2.0
2001,03,05,20,53,00,-19.5,5.2,-2.0,-19.4,5.5,-2.0
2001,03,05,20,54,00,-20.5,5.2,-2.0,-20.4,5.5,-2.0
2001,03,05,20,55,00,-20.6,6.2,-2.0,-20.4,6.6,-2.0
2001,03,05,20,56,00,-20.6,6.3,-2.0,-20.5,6.6,-2.0
2001,03,05,20,57,00,-20.6,6.3,-1.0,-20.5,6.6,-1.0
2001,03,05,20,58,00,-20.6,6.3,-2.0,-20.5,6.6,-2.0
2001,03,05,20,59,00,-21.6,6.3,-1.0,-21.5,6.6,-1.0
2001,03,05,21,00,00,-21.6,6.3,-2.0,-21.5,6.7,-2.0
2001,03,05,21,01,00,-21.6,6.3,-2.0,-21.5,6.7,-2.0
2001,03,05,21,02,00,-21.6,6.4,-2.0,-21.5,6.7,-2.0
2001,03,05,21,03,00,-20.6,6.4,-2.1,-20.5,6.7,-2.1
2001,03,05,21,04,00,-20.6,6.4,-2.1,-20.5,6.7,-2.1
2001,03,05,21,05,00,-20.6,5.4,-2.1,-20.5,5.8,-2.1
2001,03,05,21,06,00,-20.6,5.5,-2.1,-20.5,5.8,-2.1
2001,03,05,21,07,00,-20.6,5.5,-2.1,-20.5,5.8,-2.1
2001,03,05,21,08,00,-20.6,5.5,-2.1,-20.5,5.8,-2.1
2001,03,05,21,09,00,-21.6,5.5,-2.1,-21.5,5.8,-2.1
2001,03,05,21,10,00,-21.6,5.5,-2.1,-21.5,5.9,-2.1
2001,03,05,21,11,00,-21.6,5.5,-2.1,-21.5,5.9,-2.1
2001,03,05,21,12,00,-22.6,5.5,-2.1,-22.5,5.9,-2.1
2001,03,05,21,13,00,-21.6,5.6,-2.1,-21.5,5.9,-2.1
2001,03,05,21,14,00,-21.6,5.6,-2.1,-21.5,5.9,-2.1
2001,03,05,21,15,00,-21.6,4.6,-2.1,-21.5,4.9,-2.1
2001,03,05,21,16,00,-20.6,4.6,-2.1,-20.5,5.0,-2.1
2001,03,05,21,17,00,-20.6,4.6,-2.1,-20.5,5.0,-2.1
2001,03,05,21,18,00,-20.6,4.7,-2.1,-20.5,5.0,-2.1
2001,03,05,21,19,00,-20.6,4.7,-2.1,-20.6,5.0,-2.1
2001,03,05,21,20,00,-20.6,4.7,-2.1,-20.6,5.0,-2.1
2001,03,05,21,21,00,-20.6,4.7,-2.1,-20.6,5.0,-2.1
2001,03,05,21,22,00,-20.7,4.7,-2.1,-20.6,5.1,-2.1
2001,03,05,21,23,00,-20.7,4.7,-2.1,-20.6,5.1,-2.1
2001,03,05,21,24,00,-19.7,4.8,-2.1,-19.6,5.1,-2.1
2001,03,05,21,25,00,-20.7,4.8,-2.1,-20.6,5.1,-2.1
2001,03,05,21,26,00,-19.7,4.8,-2.1,-19.6,5.1,-2.1
2001,03,05,21,27,00,-19.7,4.8,-2.1,-19.6,5.1,-2.1
2001,03,05,21,28,00,-18.7,4.8,-2.1,-18.6,5.1,-2.1
2001,03,05,21,29,00,-18.7,4.9,-2.1,-18.6,5.2,-2.1
2001,03,05,21,30,00,-19.7,4.9,-2.1,-19.6,5.2,-2.1
2001,03,05,21,31,00,-19.7,4.9,-2.1,-19.6,5.2,-2.1
2001,03,05,21,32,00,-18.7,4.9,-2.1,-18.7,5.2,-2.1
2001,03,05,21,33,00,-18.7,4.9,-2.1,-18.7,5.2,-2.1
2001,03,05,21,34,00,-19.8,4.9,-2.1,-19.7,5.2,-2.1
2001,03,05,21,35,00,-19.8,4.9,-2.1,-19.7,5.2,-2.1
2001,03,05,21,36,00,-19.8,4.9,-2.1,-19.7,5.2,-2.1
2001,03,05,21,37,00,-19.8,4.9,-2.1,-19.7,5.3,-2.1
2001,03,05,21,38,00,-19.8,4.9,-2.1,-19.7,5.3,-2.1
2001,03,05,21,39,00,-19.8,5.0,-2.1,-19.7,5.3,-2.1
2001,03,05,21,40,00,-19.8,5.0,-2.1,-19.7,5.3,-2.1
2001,03,05,21,41,00,-19.8,5.0,-2.1,-19.7,5.3,-2.1
2001,03,05,21,42,00,-18.8,5.0,-2.1,-18.7,5.3,-2.1
2001,03,05,21,43,00,-19.8,5.0,-2.1,-19.8,5.3,-2.1
2001,03,05,21,44,00,-19.9,5.0,-2.1,-19.8,5.3,-2.1
2001,03,05,21,45,00,-20.9,5.0,-2.1,-20.8,5.3,-2.1
2001,03,05,21,46,00,-20.9,5.0,-2.1,-20.8,5.3,-2.1
2001,03,05,21,47,00,-20.9,5.0,-2.0,-20.8,5.4,-2.0
2001,03,05,21,48,00,-20.9,5.0,-2.0,-20.8,5.4,-2.0
2001,03,05,21,49,00,-20.9,5.0,-1.0,-20.8,5.4,-1.0
2001,03,05,21,50,00,-20.9,5.0,-1.0,-20.8,5.4,-1.0
2001,03,05,21,51,00,-20.9,5.1,-1.0,-20.8,5.4,-1.0
2001,03,05,21,52,00,-20.9,5.1,-2.0,-20.9,5.4,-2.0
2001,03,05,21,53,00,-19.9,5.1,-2.0,-19.9,5.4,-2.0
2001,03,05,21,54,00,-21.0,5.1,-1.0,-20.9,5.4,-1.0
2001,03,05,21,55,00,-21.0,5.1,-1.0,-20.9,5.4,-1.0
2001,03,05,21,56,00,-21.0,5.1,-1.0,-20.9,5.4,-1.0
2001,03,05,21,57,00,-21.0,5.1,-1.0,-20.9,5.4,-1.0
2001,03,05,21,58,00,-21.0,5.1,-1.0,-20.9,5.4,-1.0
2001,03,05,21,59,00,-21.0,5.1,-1.0,-20.9,5.5,-1.0
2001,03,05,22,00,00,-21.0,5.1,-1.0,-20.9,5.5,-1.0
2001,03,05,22,01,00,-20.0,5.2,-1.0,-19.9,5.5,-1.0
2001,03,05,22,02,00,-20.0,5.2,-1.0,-20.0,5.5,-1.0
2001,03,05,22,03,00,-20.0,5.2,-1.0,-20.0,5.5,-1.0
2001,03,05,22,04,00,-20.1,5.2,-1.0,-20.0,5.5,-1.0
2001,03,05,22,05,00,-20.1,5.2,-0.9,-20.0,5.5,-0.9
2001,03,05,22,06,00,-20.1,5.2,-0.9,-20.0,5.5,-0.9
2001,03,05,22,07,00,-20.1,5.2,-0.9,-20.0,5.5,-0.9
2001,03,05,22,08,00,-20.1,5.2,-0.9,-20.0,5.5,-0.9
2001,03,05,22,09,00,-20.1,5.2,-0.9,-20.0,5.5,-0.9
2001,03,05,22,10,00,-20.1,5.2,-0.9,-20.0,5.6,-0.9
2001,03,05,22,11,00,-20.1,5.2,-0.9,-20.0,5.6,-0.9
2001,03,05,22,12,00,-20.1,5.2,-0.9,-20.0,5.6,-0.9
2001,03,05,22,13,00,-20.1,5.3,-0.9,-20.0,5.6,-0.9
2001,03,05,22,14,00,-20.1,5.3,-0.9,-20.1,5.6,-0.9
2001,03,05,22,15,00,-21.2,5.3,-0.9,-21.1,5.6,-0.9
2001,03,05,22,16,00,-21.2,5.3,-0.9,-21.1,5.6,-0.9
2001,03,05,22,17,00,-20.2,5.3,-0.8,-20.1,5.6,-0.8
2001,03,05,22,18,00,-20.2,5.3,-0.8,-20.1,5.6,-0.8
2001,03,05,22,19,00,-20.2,5.3,-0.8,-20.1,5.6,-0.8
2001,03,05,22,20,00,-20.2,5.3,-0.8,-20.1,5.6,-0.8
2001,03,05,22,21,00,-20.2,5.3,-0.8,-20.1,5.6,-0.8
2001,03,05,22,22,00,-20.2,5.3,-0.8,-20.1,5.6,-0.8
2001,03,05,22,23,00,-20.2,5.3,-0.8,-20.1,5.7,-0.8
2001,03,05,22,24,00,-21.2,5.3,-0.8,-21.1,5.7,-0.8
2001,03,05,22,25,00,-21.2,5.3,-0.8,-21.1,5.7,-0.8
2001,03,05,22,26,00,-21.2,5.3,-0.8,-21.2,5.7,-0.8
2001,03,05,22,27,00,-20.3,5.4,-0.8,-20.2,5.7,-0.8
2001,03,05,22,28,00,-21.3,5.4,-0.8,-21.2,5.7,-0.8
2001,03,05,22,29,00,-21.3,5.3,-0.7,-21.2,5.7,-0.7
2001,03,05,22,30,00,-23.3,6.3,-1.7,-23.2,6.7,-1.7
2001,03,05,22,31,00,-25.3,6.3,-0.7,-25.2,6.7,-0.7
2001,03,05,22,32,00,-27.3,6.3,-0.7,-27.2,6.7,-0.7
2001,03,05,22,33,00,-27.3,6.3,-0.7,-27.2,6.7,-0.7
2001,03,05,22,34,00,-27.3,6.3,-0.7,-27.2,6.7,-0.7
2001,03,05,22,35,00,-27.3,6.3,-0.7,-27.2,6.7,-0.7
2001,03,05,22,36,00,-26.3,6.3,-0.7,-26.2,6.7,-0.7
2001,03,05,22,37,00,-25.3,6.4,-0.7,-25.2,6.8,-0.7
2001,03,05,22,38,00,-25.3,6.4,-0.7,-25.2,6.8,-0.7
2001,03,05,22,39,00,-24.3,5.4,-0.7,-24.3,5.8,-0.7
2001,03,05,22,40,00,-24.3,5.4,-0.6,-24.3,5.8,-0.6
2001,03,05,22,41,00,-24.4,5.4,-0.6,-24.3,5.8,-0.6
2001,03,05,22,42,00,-24.4,5.4,-0.6,-24.3,5.8,-0.6
2001,03,05,22,43,00,-24.4,5.4,-0.6,-24.3,5.8,-0.6
2001,03,05,22,44,00,-24.4,5.4,-1.6,-24.3,5.8,-1.6
2001,03,05,22,45,00,-25.4,5.4,-1.6,-25.3,5.8,-1.6
2001,03,05,22,46,00,-24.4,5.4,-1.6,-24.3,5.8,-1.6
2001,03,05,22,47,00,-24.4,5.5,-1.6,-24.3,5.8,-1.6
2001,03,05,22,48,00,-24.4,5.5,-0.6,-24.3,5.9,-0.6
2001,03,05,22,49,00,-24.4,5.5,-1.6,-24.3,5.9,-1.6
2001,03,05,22,50,00,-24.4,5.5,-1.5,-24.3,5.9,-1.5
2001,03,05,22,51,00,-24.4,5.5,-1.5,-24.3,5.9,-1.5
2001,03,05,22,52,00,-24.4,5.5,-1.5,-24.3,5.9,-1.5
2001,03,05,22,53,00,-24.4,5.5,-1.5,-24.3,5.9,-1.5
2001,03,05,22,54,00,-24.4,5.5,-1.5,-24.3,5.9,-1.5
2001,03,05,22,55,00,-23.4,5.6,-1.5,-23.3,5.9,-1.5
2001,03,05,22,56,00,-23.4,5.6,-1.5,-23.4,5.9,-1.5
2001,03,05,22,57,00,-23.4,5.6,-1.5,-23.4,5.9,-1.5
2001,03,05,22,58,00,-23.5,5.6,-1.5,-23.4,6.0,-1.5
2001,03,05,22,59,00,-23.5,5.6,-1.5,-23.4,6.0,-1.5
2001,03,05,23,00,00,-23.5,5.6,-1.5,-23.4,6.0,-1.5
2001,03,05,23,01,00,-23.5,5.6,-1.4,-23.4,6.0,-1.4
2001,03,05,23,02,00,-23.5,5.6,-1.4,-23.4,6.0,-1.4
2001,03,05,23,03,00,-23.5,5.6,-1.4,-23.4,6.0,-1.4
2001,03,05,23,04,00,-23.5,5.6,-1.4,-23.4,6.0,-1.4
2001,03,05,23,05,00,-23.5,5.7,-1.4,-23.4,6.0,-1.4
2001,03,05,23,06,00,-23.5,5.7,-1.4,-23.4,6.0,-1.4
2001,03,05,23,07,00,-23.5,5.7,-1.4,-23.4,6.1,-1.4
2001,03,05,23,08,00,-23.5,5.7,-1.4,-23.4,6.1,-1.4
2001,03,05,23,09,00,-23.5,5.7,-1.4,-23.4,6.1,-1.4
2001,03,05,23,10,00,-23.5,5.7,-1.4,-23.4,6.1,-1.4
2001,03,05,23,11,00,-23.5,5.7,-1.4,-23.4,6.1,-1.4
2001,03,05,23,12,00,-23.5,5.7,-1.3,-23.4,6.1,-1.3
2001,03,05,23,13,00,-23.5,5.8,-1.3,-23.4,6.1,-1.3
2001,03,05,23,14,00,-23.5,5.8,-1.3,-23.4,6.1,-1.3
2001,03,05,23,15,00,-24.5,5.8,-1.3,-24.4,6.2,-1.3
2001,03,05,23,16,00,-24.5,5.8,-1.3,-24.4,6.2,-1.3
2001,03,05,23,17,00,-23.5,5.8,-1.3,-23.4,6.2,-1.3
2001,03,05,23,18,00,-23.5,5.8,-1.3,-23.4,6.2,-1.3
2001,03,05,23,19,00,-22.5,5.8,-1.3,-22.4,6.2,-1.3
2001,03,05,23,20,00,-22.5,5.9,-1.3,-22.4,6.2,-1.3
2001,03,05,23,21,00,-22.5,5.9,-1.3,-22.4,6.2,-1.3
2001,03,05,23,22,00,-22.5,5.9,-1.3,-22.4,6.2,-1.3
2001,03,05,23,23,00,-22.5,5.9,-1.3,-22.5,6.3,-1.3
2001,03,05,23,24,00,-21.6,5.9,-1.2,-21.5,6.3,-1.2
2001,03,05,23,25,00,-21.6,5.9,-1.2,-21.5,6.3,-1.2
2001,03,05,23,26,00,-21.6,6.0,-1.2,-21.5,6.3,-1.2
2001,03,05,23,27,00,-22.6,6.0,-1.2,-22.5,6.3,-1.2
2001,03,05,23,28,00,-22.6,6.0,-1.2,-22.5,6.3,-1.2
2001,03,05,23,29,00,-22.6,6.0,-1.2,-22.5,6.3,-1.2
2001,03,05,23,30,00,-22.6,6.0,-1.2,-22.5,6.4,-1.2
2001,03,05,23,31,00,-22.6,6.0,-1.2,-22.5,6.4,-1.2
2001,03,05,23,32,00,-22.6,6.0,-1.2,-22.5,6.4,-1.2
2001,03,05,23,33,00,-22.6,6.0,-1.2,-22.5,6.4,-1.2
2001,03,05,23,34,00,-23.6,5.0,-1.2,-23.5,5.4,-1.2
2001,03,05,23,35,00,-23.6,5.0,-1.2,-23.5,5.4,-1.2
2001,03,05,23,36,00,-23.6,5.1,-1.1,-23.5,5.4,-1.1
2001,03,05,23,37,00,-23.6,5.1,-1.1,-23.5,5.5,-1.1
2001,03,05,23,38,00,-23.6,5.1,-1.1,-23.5,5.5,-1.1
2001,03,05,23,39,00,-24.6,5.1,-1.1,-24.5,5.5,-1.1
2001,03,05,23,40,00,-23.6,5.1,-1.1,-23.5,5.5,-1.1
2001,03,05,23,41,00,-23.6,5.1,-1.1,-23.5,5.5,-1.1
2001,03,05,23,42,00,-23.6,5.2,-1.1,-23.5,5.5,-1.1
2001,03,05,23,43,00,-23.6,5.2,-1.1,-23.5,5.5,-1.1
2001,03,05,23,44,00,-23.6,5.2,-1.1,-23.5,5.6,-1.1
2001,03,05,23,45,00,-23.6,5.2,-1.1,-23.6,5.6,-1.1
2001,03,05,23,46,00,-23.6,5.2,-1.1,-23.6,5.6,-1.1
2001,03,05,23,47,00,-23.7,5.2,-1.1,-23.6,5.6,-1.1
2001,03,05,23,48,00,-23.7,6.2,-1.1,-23.6,6.6,-1.1
2001,03,05,23,49,00,-22.7,5.3,-1.0,-22.6,5.6,-1.0
2001,03,05,23,50,00,-22.7,5.3,-1.0,-22.6,5.6,-1.0
2001,03,05,23,51,00,-21.7,5.3,-2.0,-21.6,5.7,-2.0
2001,03,05,23,52,00,-21.7,5.3,-2.0,-21.6,5.7,-2.0
2001,03,05,23,53,00,-21.7,5.4,-2.0,-21.6,5.7,-2.0
2001,03,05,23,54,00,-21.7,6.4,-1.0,-21.6,6.7,-1.0
2001,03,05,23,55,00,-22.7,6.4,-1.0,-22.6,6.7,-1.0
2001,03,05,23,56,00,-22.7,6.4,-1.0,-22.6,6.7,-1.0
2001,03,05,23,57,00,-23.7,6.4,-1.0,-23.6,6.8,-1.0
2001,03,05,23,58,00,-23.7,5.4,-1.0,-23.6,5.8,-1.0
2001,03,05,23,59,00,-23.7,5.4,-2.0,-23.6,5.8,-2.0
